职责ID,动作ID,文案,当前类型,目标职责,建议承载_未全量实施,建议呈现,条件,保留事件,对象参数,说明,新版起点承载,新版目标承载,动作追溯键,改造判定,对象不能丢失,返回与取消,必须覆盖的异常,实现状态
home,version,应用版本选择,event,,home,保留事件/确认语义,当前输入符合本页说明,select_version,[],承载映射；目标存在不证明运行闭环。具体入口可就近复用，不按host强制绕行。,home,,home::version,保持动作语义，采用新版任务状态契约,"spaceId,assessmentId,contentVersion,sessionId",四入口各自保留滚动位置与当前状态。,题源未就绪显示原因；访客不被登录拦截。,结构映射，不是此旧动作已运行；精确实现以events.json与原型为准
home,start,开始探索,navigate,assessment-detail,question,信息就绪直接开始；未就绪在首页显示准备/依据入口,本页上下文有效；设计台允许查看示例,,"[""assessmentId"", ""packVersion"", ""mode=full"", ""intent=new""]",携带选定assessmentId/packVersion/mode；不强制assessment-detail中转。,home,assessment-detail,home::start,导航收敛到同一任务/对象；原动作意图保留,"spaceId,assessmentId,contentVersion,sessionId",四入口各自保留滚动位置与当前状态。,题源未就绪显示原因；访客不被登录拦截。,结构映射，不是此旧动作已运行；精确实现以events.json与原型为准
home,resume,继续上次,navigate,unfinished,question,单份明确草稿直回原题；多份进入records未完成视图,本页上下文有效；设计台允许查看示例,,[],保留sessionId；真实冲突才恢复处理。,home,recovery,home::resume,导航收敛到同一任务/对象；原动作意图保留,"spaceId,assessmentId,contentVersion,sessionId",四入口各自保留滚动位置与当前状态。,题源未就绪显示原因；访客不被登录拦截。,结构映射，不是此旧动作已运行；精确实现以events.json与原型为准
home,avatar,换形象,navigate,avatar,avatar,跳到独立任务,本页上下文有效；设计台允许查看示例,,[],承载映射；目标存在不证明运行闭环。具体入口可就近复用，不按host强制绕行。,home,appearance,home::avatar,导航收敛到同一任务/对象；原动作意图保留,"spaceId,assessmentId,contentVersion,sessionId",四入口各自保留滚动位置与当前状态。,题源未就绪显示原因；访客不被登录拦截。,结构映射，不是此旧动作已运行；精确实现以events.json与原型为准
home,chat,先聊聊,navigate,assistant,assistant,跳到独立任务,本页上下文有效；设计台允许查看示例 进入说明或准备草稿不调用AI；任何新AI对话都必须已注册登录，并与AI分析共用每日额度。,,"[""currentAssessmentContext"", ""pendingAiType=chat"", ""returnTo""]",承载映射；目标存在不证明运行闭环。具体入口可就近复用，不按host强制绕行。,home,assistant,home::chat,导航收敛到同一任务/对象；原动作意图保留,"spaceId,assessmentId,contentVersion,sessionId",四入口各自保留滚动位置与当前状态。,题源未就绪显示原因；访客不被登录拦截。,结构映射，不是此旧动作已运行；精确实现以events.json与原型为准
home,single,单因子探索,navigate,single-factor-list,single-factor-list,跳到独立任务,本页上下文有效；设计台允许查看示例,,[],承载映射；目标存在不证明运行闭环。具体入口可就近复用，不按host强制绕行。,home,light-suite,home::single,导航收敛到同一任务/对象；原动作意图保留,"spaceId,assessmentId,contentVersion,sessionId",四入口各自保留滚动位置与当前状态。,题源未就绪显示原因；访客不被登录拦截。,结构映射，不是此旧动作已运行；精确实现以events.json与原型为准
home,daily,每日随机,navigate,daily,daily,跳到独立任务,本页上下文有效；设计台允许查看示例,,[],承载映射；目标存在不证明运行闭环。具体入口可就近复用，不按host强制绕行。,home,light-suite,home::daily,导航收敛到同一任务/对象；原动作意图保留,"spaceId,assessmentId,contentVersion,sessionId",四入口各自保留滚动位置与当前状态。,题源未就绪显示原因；访客不被登录拦截。,结构映射，不是此旧动作已运行；精确实现以events.json与原型为准
home,light,轻量探索,navigate,light-intro,explore,同一承载内切换模式,本页上下文有效；设计台允许查看示例,,[],承载映射；目标存在不证明运行闭环。具体入口可就近复用，不按host强制绕行。,home,light-suite,home::light,导航收敛到同一任务/对象；原动作意图保留,"spaceId,assessmentId,contentVersion,sessionId",四入口各自保留滚动位置与当前状态。,题源未就绪显示原因；访客不被登录拦截。,结构映射，不是此旧动作已运行；精确实现以events.json与原型为准
home,simulate,模拟画像,navigate,simulation,simulation,跳到独立任务,本页上下文有效；设计台允许查看示例,,[],承载映射；目标存在不证明运行闭环。具体入口可就近复用，不按host强制绕行。,home,light-suite,home::simulate,导航收敛到同一任务/对象；原动作意图保留,"spaceId,assessmentId,contentVersion,sessionId",四入口各自保留滚动位置与当前状态。,题源未就绪显示原因；访客不被登录拦截。,结构映射，不是此旧动作已运行；精确实现以events.json与原型为准
home,recent,我的记录,navigate,records,records,跳到独立任务,本页上下文有效；设计台允许查看示例,,[],承载映射；目标存在不证明运行闭环。具体入口可就近复用，不按host强制绕行。,home,records,home::recent,导航收敛到同一任务/对象；原动作意图保留,"spaceId,assessmentId,contentVersion,sessionId",四入口各自保留滚动位置与当前状态。,题源未就绪显示原因；访客不被登录拦截。,结构映射，不是此旧动作已运行；精确实现以events.json与原型为准
explore,search,搜索一个问题,navigate,assessment-search,explore,同一承载内切换模式,本页上下文有效；设计台允许查看示例,,[],承载映射；目标存在不证明运行闭环。具体入口可就近复用，不按host强制绕行。,explore,explore,explore::search,导航收敛到同一任务/对象；原动作意图保留,"topicId,filters,searchQuery",从专题回来保留筛选、关键词及位置。,无结果给清空条件；专题未上线给可做的观察而非假测评。,结构映射，不是此旧动作已运行；精确实现以events.json与原型为准
explore,topics,按场景浏览,navigate,topic-list,explore,同一承载内切换模式,本页上下文有效；设计台允许查看示例,,[],承载映射；目标存在不证明运行闭环。具体入口可就近复用，不按host强制绕行。,explore,explore,explore::topics,导航收敛到同一任务/对象；原动作意图保留,"topicId,filters,searchQuery",从专题回来保留筛选、关键词及位置。,无结果给清空条件；专题未上线给可做的观察而非假测评。,结构映射，不是此旧动作已运行；精确实现以events.json与原型为准
explore,perspectives,换几个角度认识自己,navigate,exploration-perspectives,explore,同一承载内切换模式,本页上下文有效；设计台允许查看示例,,[],承载映射；目标存在不证明运行闭环。具体入口可就近复用，不按host强制绕行。,explore,article,explore::perspectives,导航收敛到同一任务/对象；原动作意图保留,"topicId,filters,searchQuery",从专题回来保留筛选、关键词及位置。,无结果给清空条件；专题未上线给可做的观察而非假测评。,结构映射，不是此旧动作已运行；精确实现以events.json与原型为准
explore,featured,查看题组示例,navigate,assessment-detail,assessment-detail,跳到独立任务,本页上下文有效；设计台允许查看示例,,[],承载映射；目标存在不证明运行闭环。具体入口可就近复用，不按host强制绕行。,explore,assessment-detail,explore::featured,导航收敛到同一任务/对象；原动作意图保留,"topicId,filters,searchQuery",从专题回来保留筛选、关键词及位置。,无结果给清空条件；专题未上线给可做的观察而非假测评。,结构映射，不是此旧动作已运行；精确实现以events.json与原型为准
explore,saved,我的收藏,navigate,assessment-favorites,explore,同一承载内切换模式,本页上下文有效；设计台允许查看示例,,[],承载映射；目标存在不证明运行闭环。具体入口可就近复用，不按host强制绕行。,explore,explore,explore::saved,导航收敛到同一任务/对象；原动作意图保留,"topicId,filters,searchQuery",从专题回来保留筛选、关键词及位置。,无结果给清空条件；专题未上线给可做的观察而非假测评。,结构映射，不是此旧动作已运行；精确实现以events.json与原型为准
explore,packages,本地内容包,navigate,content-library,content-library,跳到独立任务,本页上下文有效；设计台允许查看示例,,[],承载映射；目标存在不证明运行闭环。具体入口可就近复用，不按host强制绕行。,explore,content,explore::packages,导航收敛到同一任务/对象；原动作意图保留,"topicId,filters,searchQuery",从专题回来保留筛选、关键词及位置。,无结果给清空条件；专题未上线给可做的观察而非假测评。,结构映射，不是此旧动作已运行；精确实现以events.json与原型为准
topic-list,results,查看相关题组,navigate,assessment-search,explore,同一承载内切换模式,本页上下文有效；设计台允许查看示例,,"[""topic"", ""lifeStage""]",承载映射；目标存在不证明运行闭环。具体入口可就近复用，不按host强制绕行。,explore,explore,topic-list::results,导航收敛到同一任务/对象；原动作意图保留,"topicId,filters,searchQuery",从专题回来保留筛选、关键词及位置。,无结果给清空条件；专题未上线给可做的观察而非假测评。,结构映射，不是此旧动作已运行；精确实现以events.json与原型为准
topic-list,talk,还说不清，先聊聊,navigate,assistant,assistant,跳到独立任务,本页上下文有效；设计台允许查看示例 进入说明或准备草稿不调用AI；任何新AI对话都必须已注册登录，并与AI分析共用每日额度。,,"[""topic"", ""pendingAiType=chat"", ""returnTo""]",承载映射；目标存在不证明运行闭环。具体入口可就近复用，不按host强制绕行。,explore,assistant,topic-list::talk,导航收敛到同一任务/对象；原动作意图保留,"topicId,filters,searchQuery",从专题回来保留筛选、关键词及位置。,无结果给清空条件；专题未上线给可做的观察而非假测评。,结构映射，不是此旧动作已运行；精确实现以events.json与原型为准
topic-list,knowledge,先了解性格概念,navigate,personality-guide,explore,原位展开/局部操作,本页上下文有效；设计台允许查看示例,,[],承载映射；目标存在不证明运行闭环。具体入口可就近复用，不按host强制绕行。,explore,article,topic-list::knowledge,导航收敛到同一任务/对象；原动作意图保留,"topicId,filters,searchQuery",从专题回来保留筛选、关键词及位置。,无结果给清空条件；专题未上线给可做的观察而非假测评。,结构映射，不是此旧动作已运行；精确实现以events.json与原型为准
assessment-search,search,查找题组,event,,explore,保留事件/确认语义,当前输入符合本页说明,search_assessments,[],承载映射；目标存在不证明运行闭环。具体入口可就近复用，不按host强制绕行。,explore,,assessment-search::search,保持动作语义，采用新版任务状态契约,"topicId,filters,searchQuery",从专题回来保留筛选、关键词及位置。,无结果给清空条件；专题未上线给可做的观察而非假测评。,结构映射，不是此旧动作已运行；精确实现以events.json与原型为准
assessment-search,detail,查看题组详情,navigate,assessment-detail,assessment-detail,跳到独立任务,本页上下文有效；设计台允许查看示例,,"[""assessmentId""]",承载映射；目标存在不证明运行闭环。具体入口可就近复用，不按host强制绕行。,explore,assessment-detail,assessment-search::detail,导航收敛到同一任务/对象；原动作意图保留,"topicId,filters,searchQuery",从专题回来保留筛选、关键词及位置。,无结果给清空条件；专题未上线给可做的观察而非假测评。,结构映射，不是此旧动作已运行；精确实现以events.json与原型为准
assessment-search,clear,清除筛选,event,,explore,保留事件/确认语义,当前输入符合本页说明,clear_assessment_filters,[],承载映射；目标存在不证明运行闭环。具体入口可就近复用，不按host强制绕行。,explore,,assessment-search::clear,保持动作语义，采用新版任务状态契约,"topicId,filters,searchQuery",从专题回来保留筛选、关键词及位置。,无结果给清空条件；专题未上线给可做的观察而非假测评。,结构映射，不是此旧动作已运行；精确实现以events.json与原型为准
assessment-search,talk,把问题带给助理,navigate,assistant,assistant,跳到独立任务,本页上下文有效；设计台允许查看示例 进入说明或准备草稿不调用AI；任何新AI对话都必须已注册登录，并与AI分析共用每日额度。,,"[""searchText"", ""pendingAiType=chat"", ""returnTo""]",承载映射；目标存在不证明运行闭环。具体入口可就近复用，不按host强制绕行。,explore,assistant,assessment-search::talk,导航收敛到同一任务/对象；原动作意图保留,"topicId,filters,searchQuery",从专题回来保留筛选、关键词及位置。,无结果给清空条件；专题未上线给可做的观察而非假测评。,结构映射，不是此旧动作已运行；精确实现以events.json与原型为准
assessment-detail,prepare,查看开始说明,navigate,session-prepare,question,页面内准备就绪后一次开始,本页上下文有效；设计台允许查看示例,,"[""assessmentId"", ""packVersion"", ""mode"", ""factorCode"", ""returnTo""]",缺题包先完成同一题包下载，恢复原开始意图。,assessment-detail,assessment-detail,assessment-detail::prepare,导航收敛到同一任务/对象；原动作意图保留,"assessmentId,packVersion,scoringVersion,factorId?",取消不创建答卷；开始成功才转入固定sessionId。,内容缺失或撤回禁止新开正式答卷；已有记录原版本可回看。,结构映射，不是此旧动作已运行；精确实现以events.json与原型为准
assessment-detail,context,梳理这次的现实问题,navigate,decision-context,decision-context,跳到独立任务,本页上下文有效；设计台允许查看示例,,"[""assessmentId"", ""scene""]",承载映射；目标存在不证明运行闭环。具体入口可就近复用，不按host强制绕行。,assessment-detail,journal,assessment-detail::context,导航收敛到同一任务/对象；原动作意图保留,"assessmentId,packVersion,scoringVersion,factorId?",取消不创建答卷；开始成功才转入固定sessionId。,内容缺失或撤回禁止新开正式答卷；已有记录原版本可回看。,结构映射，不是此旧动作已运行；精确实现以events.json与原型为准
assessment-detail,source,题源与依据,navigate,assessment-source,assessment-source,跳到独立任务,本页上下文有效；设计台允许查看示例,,[],承载映射；目标存在不证明运行闭环。具体入口可就近复用，不按host强制绕行。,assessment-detail,assessment-detail,assessment-detail::source,导航收敛到同一任务/对象；原动作意图保留,"assessmentId,packVersion,scoringVersion,factorId?",取消不创建答卷；开始成功才转入固定sessionId。,内容缺失或撤回禁止新开正式答卷；已有记录原版本可回看。,结构映射，不是此旧动作已运行；精确实现以events.json与原型为准
assessment-detail,versions,版本与历史,navigate,assessment-versions,assessment-detail,原位展开/局部操作,本页上下文有效；设计台允许查看示例,,[],承载映射；目标存在不证明运行闭环。具体入口可就近复用，不按host强制绕行。,assessment-detail,assessment-detail,assessment-detail::versions,导航收敛到同一任务/对象；原动作意图保留,"assessmentId,packVersion,scoringVersion,factorId?",取消不创建答卷；开始成功才转入固定sessionId。,内容缺失或撤回禁止新开正式答卷；已有记录原版本可回看。,结构映射，不是此旧动作已运行；精确实现以events.json与原型为准
assessment-detail,download,查看内容包,navigate,content-download,content-library,同一对象状态转换,本页上下文有效；设计台允许查看示例,,[],承载映射；目标存在不证明运行闭环。具体入口可就近复用，不按host强制绕行。,assessment-detail,content,assessment-detail::download,导航收敛到同一任务/对象；原动作意图保留,"assessmentId,packVersion,scoringVersion,factorId?",取消不创建答卷；开始成功才转入固定sessionId。,内容缺失或撤回禁止新开正式答卷；已有记录原版本可回看。,结构映射，不是此旧动作已运行；精确实现以events.json与原型为准
assessment-detail,favorite,收藏这套题,event,,assessment-detail,保留事件/确认语义,当前输入符合本页说明,toggle_assessment_favorite,[],承载映射；目标存在不证明运行闭环。具体入口可就近复用，不按host强制绕行。,assessment-detail,,assessment-detail::favorite,保持动作语义，采用新版任务状态契约,"assessmentId,packVersion,scoringVersion,factorId?",取消不创建答卷；开始成功才转入固定sessionId。,内容缺失或撤回禁止新开正式答卷；已有记录原版本可回看。,结构映射，不是此旧动作已运行；精确实现以events.json与原型为准
assessment-source,versions,查看版本差异,navigate,assessment-versions,assessment-detail,原位展开/局部操作,本页上下文有效；设计台允许查看示例,,[],承载映射；目标存在不证明运行闭环。具体入口可就近复用，不按host强制绕行。,assessment-detail,assessment-detail,assessment-source::versions,导航收敛到同一任务/对象；原动作意图保留,"assessmentId,packVersion,scoringVersion,factorId?",取消不创建答卷；开始成功才转入固定sessionId。,内容缺失或撤回禁止新开正式答卷；已有记录原版本可回看。,结构映射，不是此旧动作已运行；精确实现以events.json与原型为准
assessment-source,detail,回到题组说明,navigate,assessment-detail,assessment-detail,跳到独立任务,本页上下文有效；设计台允许查看示例,,[],承载映射；目标存在不证明运行闭环。具体入口可就近复用，不按host强制绕行。,assessment-detail,assessment-detail,assessment-source::detail,导航收敛到同一任务/对象；原动作意图保留,"assessmentId,packVersion,scoringVersion,factorId?",取消不创建答卷；开始成功才转入固定sessionId。,内容缺失或撤回禁止新开正式答卷；已有记录原版本可回看。,结构映射，不是此旧动作已运行；精确实现以events.json与原型为准
assessment-source,help,咨询内容问题,navigate,help,help,跳到独立任务,本页上下文有效；设计台允许查看示例,,"[""assessmentId"", ""sourceQuestion""]",承载映射；目标存在不证明运行闭环。具体入口可就近复用，不按host强制绕行。,assessment-detail,support,assessment-source::help,导航收敛到同一任务/对象；原动作意图保留,"assessmentId,packVersion,scoringVersion,factorId?",取消不创建答卷；开始成功才转入固定sessionId。,内容缺失或撤回禁止新开正式答卷；已有记录原版本可回看。,结构映射，不是此旧动作已运行；精确实现以events.json与原型为准
assessment-versions,select,选择用于新测评的版本,event,,assessment-detail,保留事件/确认语义,当前输入符合本页说明,select_version,"[""versionChoice"", ""appliesTo=new-session""]",承载映射；目标存在不证明运行闭环。具体入口可就近复用，不按host强制绕行。,assessment-detail,,assessment-versions::select,保持动作语义，采用新版任务状态契约,"assessmentId,packVersion,scoringVersion,factorId?",取消不创建答卷；开始成功才转入固定sessionId。,内容缺失或撤回禁止新开正式答卷；已有记录原版本可回看。,结构映射，不是此旧动作已运行；精确实现以events.json与原型为准
assessment-versions,drafts,查看各版本未完成,navigate,unfinished,records,同一承载内切换模式,本页上下文有效；设计台允许查看示例,,[],承载映射；目标存在不证明运行闭环。具体入口可就近复用，不按host强制绕行。,assessment-detail,recovery,assessment-versions::drafts,导航收敛到同一任务/对象；原动作意图保留,"assessmentId,packVersion,scoringVersion,factorId?",取消不创建答卷；开始成功才转入固定sessionId。,内容缺失或撤回禁止新开正式答卷；已有记录原版本可回看。,结构映射，不是此旧动作已运行；精确实现以events.json与原型为准
assessment-versions,source,阅读版本依据,navigate,assessment-source,assessment-source,跳到独立任务,本页上下文有效；设计台允许查看示例,,[],承载映射；目标存在不证明运行闭环。具体入口可就近复用，不按host强制绕行。,assessment-detail,assessment-detail,assessment-versions::source,导航收敛到同一任务/对象；原动作意图保留,"assessmentId,packVersion,scoringVersion,factorId?",取消不创建答卷；开始成功才转入固定sessionId。,内容缺失或撤回禁止新开正式答卷；已有记录原版本可回看。,结构映射，不是此旧动作已运行；精确实现以events.json与原型为准
content-library,download,查看一个内容包,navigate,content-download,content-library,同一对象状态转换,本页上下文有效；设计台允许查看示例,,[],承载映射；目标存在不证明运行闭环。具体入口可就近复用，不按host强制绕行。,content,content,content-library::download,导航收敛到同一任务/对象；原动作意图保留,"contentPackId,version,checksum,eligibilityStatus",返回原准备页并保留所选版本；更新失败不损坏旧可用包。,下载中断可重试；新版本不能直接改写正在作答的包。,结构映射，不是此旧动作已运行；精确实现以events.json与原型为准
content-library,updates,查看可用更新,navigate,content-updates,content-library,原位展开/局部操作,本页上下文有效；设计台允许查看示例,,[],承载映射；目标存在不证明运行闭环。具体入口可就近复用，不按host强制绕行。,content,content,content-library::updates,导航收敛到同一任务/对象；原动作意图保留,"contentPackId,version,checksum,eligibilityStatus",返回原准备页并保留所选版本；更新失败不损坏旧可用包。,下载中断可重试；新版本不能直接改写正在作答的包。,结构映射，不是此旧动作已运行；精确实现以events.json与原型为准
content-library,drafts,查看依赖旧包的草稿,navigate,unfinished,records,同一承载内切换模式,本页上下文有效；设计台允许查看示例,,[],承载映射；目标存在不证明运行闭环。具体入口可就近复用，不按host强制绕行。,content,recovery,content-library::drafts,导航收敛到同一任务/对象；原动作意图保留,"contentPackId,version,checksum,eligibilityStatus",返回原准备页并保留所选版本；更新失败不损坏旧可用包。,下载中断可重试；新版本不能直接改写正在作答的包。,结构映射，不是此旧动作已运行；精确实现以events.json与原型为准
content-library,data,管理个人数据,navigate,data-center,data-center,跳到独立任务,本页上下文有效；设计台允许查看示例,,[],承载映射；目标存在不证明运行闭环。具体入口可就近复用，不按host强制绕行。,content,data,content-library::data,导航收敛到同一任务/对象；原动作意图保留,"contentPackId,version,checksum,eligibilityStatus",返回原准备页并保留所选版本；更新失败不损坏旧可用包。,下载中断可重试；新版本不能直接改写正在作答的包。,结构映射，不是此旧动作已运行；精确实现以events.json与原型为准
content-download,download,演示获取内容包,event,,content-library,保留事件/确认语义,当前输入符合本页说明,download_content,"[""assessmentId"", ""packVersion"", ""sessionId"", ""requestedPackVersion"", ""returnTo""]",承载映射；目标存在不证明运行闭环。具体入口可就近复用，不按host强制绕行。,content,,content-download::download,保持动作语义，采用新版任务状态契约,"contentPackId,version,checksum,eligibilityStatus",返回原准备页并保留所选版本；更新失败不损坏旧可用包。,下载中断可重试；新版本不能直接改写正在作答的包。,结构映射，不是此旧动作已运行；精确实现以events.json与原型为准
content-download,cancel,取消本次获取,event,,content-library,保留事件/确认语义,当前输入符合本页说明,cancel_content_download,[],承载映射；目标存在不证明运行闭环。具体入口可就近复用，不按host强制绕行。,content,,content-download::cancel,保持动作语义，采用新版任务状态契约,"contentPackId,version,checksum,eligibilityStatus",返回原准备页并保留所选版本；更新失败不损坏旧可用包。,下载中断可重试；新版本不能直接改写正在作答的包。,结构映射，不是此旧动作已运行；精确实现以events.json与原型为准
content-download,source,先看使用条件,navigate,assessment-source,assessment-source,跳到独立任务,本页上下文有效；设计台允许查看示例,,[],承载映射；目标存在不证明运行闭环。具体入口可就近复用，不按host强制绕行。,content,assessment-detail,content-download::source,导航收敛到同一任务/对象；原动作意图保留,"contentPackId,version,checksum,eligibilityStatus",返回原准备页并保留所选版本；更新失败不损坏旧可用包。,下载中断可重试；新版本不能直接改写正在作答的包。,结构映射，不是此旧动作已运行；精确实现以events.json与原型为准
content-download,prepare,回到这次探索,navigate,session-prepare,assessment-detail,原位展开/局部操作,本页上下文有效；设计台允许查看示例,,"[""sessionId"", ""mode"", ""returnTo""]",承载映射；目标存在不证明运行闭环。具体入口可就近复用，不按host强制绕行。,content,assessment-detail,content-download::prepare,导航收敛到同一任务/对象；原动作意图保留,"contentPackId,version,checksum,eligibilityStatus",返回原准备页并保留所选版本；更新失败不损坏旧可用包。,下载中断可重试；新版本不能直接改写正在作答的包。,结构映射，不是此旧动作已运行；精确实现以events.json与原型为准
content-updates,package,查看更新包,navigate,content-download,content-library,同一对象状态转换,本页上下文有效；设计台允许查看示例,,[],承载映射；目标存在不证明运行闭环。具体入口可就近复用，不按host强制绕行。,content,content,content-updates::package,导航收敛到同一任务/对象；原动作意图保留,"contentPackId,version,checksum,eligibilityStatus",返回原准备页并保留所选版本；更新失败不损坏旧可用包。,下载中断可重试；新版本不能直接改写正在作答的包。,结构映射，不是此旧动作已运行；精确实现以events.json与原型为准
content-updates,version,比较版本说明,navigate,assessment-versions,assessment-detail,原位展开/局部操作,本页上下文有效；设计台允许查看示例,,[],承载映射；目标存在不证明运行闭环。具体入口可就近复用，不按host强制绕行。,content,assessment-detail,content-updates::version,导航收敛到同一任务/对象；原动作意图保留,"contentPackId,version,checksum,eligibilityStatus",返回原准备页并保留所选版本；更新失败不损坏旧可用包。,下载中断可重试；新版本不能直接改写正在作答的包。,结构映射，不是此旧动作已运行；精确实现以events.json与原型为准
content-updates,draft,查看进行中的测评,navigate,unfinished,records,同一承载内切换模式,本页上下文有效；设计台允许查看示例,,[],承载映射；目标存在不证明运行闭环。具体入口可就近复用，不按host强制绕行。,content,recovery,content-updates::draft,导航收敛到同一任务/对象；原动作意图保留,"contentPackId,version,checksum,eligibilityStatus",返回原准备页并保留所选版本；更新失败不损坏旧可用包。,下载中断可重试；新版本不能直接改写正在作答的包。,结构映射，不是此旧动作已运行；精确实现以events.json与原型为准
session-prepare,start,开始三题交互示例,navigate,question,question,跳到独立任务,本页上下文有效；设计台允许查看示例,,"[""sessionId"", ""mode"", ""packVersion"", ""assessmentId"", ""intent"", ""factorCode"", ""dailySelectionId""]",承载映射；目标存在不证明运行闭环。具体入口可就近复用，不按host强制绕行。,assessment-detail,question,session-prepare::start,导航收敛到同一任务/对象；原动作意图保留,"assessmentId,packVersion,scoringVersion,factorId?",取消不创建答卷；开始成功才转入固定sessionId。,内容缺失或撤回禁止新开正式答卷；已有记录原版本可回看。,结构映射，不是此旧动作已运行；精确实现以events.json与原型为准
session-prepare,checkin,可选：记下此刻状态,event,session-checkin,assessment-detail,原位展开/局部操作,本页上下文有效；设计台允许查看示例,open_inline,"[""stage=before"", ""sessionId"", ""returnTo=session-prepare""]",承载映射；目标存在不证明运行闭环。具体入口可就近复用，不按host强制绕行。,assessment-detail,journal,session-prepare::checkin,保持动作语义，采用新版任务状态契约,"assessmentId,packVersion,scoringVersion,factorId?",取消不创建答卷；开始成功才转入固定sessionId。,内容缺失或撤回禁止新开正式答卷；已有记录原版本可回看。,结构映射，不是此旧动作已运行；精确实现以events.json与原型为准
session-prepare,continue,选择已有草稿,navigate,unfinished,records,同一承载内切换模式,本页上下文有效；设计台允许查看示例,,[],承载映射；目标存在不证明运行闭环。具体入口可就近复用，不按host强制绕行。,assessment-detail,recovery,session-prepare::continue,导航收敛到同一任务/对象；原动作意图保留,"assessmentId,packVersion,scoringVersion,factorId?",取消不创建答卷；开始成功才转入固定sessionId。,内容缺失或撤回禁止新开正式答卷；已有记录原版本可回看。,结构映射，不是此旧动作已运行；精确实现以events.json与原型为准
session-prepare,source,了解内容依据,navigate,assessment-source,assessment-source,跳到独立任务,本页上下文有效；设计台允许查看示例,,[],承载映射；目标存在不证明运行闭环。具体入口可就近复用，不按host强制绕行。,assessment-detail,assessment-detail,session-prepare::source,导航收敛到同一任务/对象；原动作意图保留,"assessmentId,packVersion,scoringVersion,factorId?",取消不创建答卷；开始成功才转入固定sessionId。,内容缺失或撤回禁止新开正式答卷；已有记录原版本可回看。,结构映射，不是此旧动作已运行；精确实现以events.json与原型为准
session-prepare,version,查看本次版本,navigate,assessment-versions,assessment-detail,原位展开/局部操作,本页上下文有效；设计台允许查看示例,,[],承载映射；目标存在不证明运行闭环。具体入口可就近复用，不按host强制绕行。,assessment-detail,assessment-detail,session-prepare::version,导航收敛到同一任务/对象；原动作意图保留,"assessmentId,packVersion,scoringVersion,factorId?",取消不创建答卷；开始成功才转入固定sessionId。,内容缺失或撤回禁止新开正式答卷；已有记录原版本可回看。,结构映射，不是此旧动作已运行；精确实现以events.json与原型为准
question,select,选中答案,event,,question,保留事件/确认语义,当前输入符合本页说明,select_answer,"[""questionId"", ""answer""]",承载映射；目标存在不证明运行闭环。具体入口可就近复用，不按host强制绕行。,question,,question::select,保持动作语义，采用新版任务状态契约,"spaceId,sessionId,packVersion,questionId,optionId,answerRevision",暂停保存当前位置；恢复同一答卷同一题；已完成仅回看。,保存失败保持临时选择，下一题不可走；重试或导出临时答案。,结构映射，不是此旧动作已运行；精确实现以events.json与原型为准
question,next,下一题,event,,question,保留事件/确认语义,当前题已答，或正式题组规则明确允许跳过,next_question,"[""sessionId""]",承载映射；目标存在不证明运行闭环。具体入口可就近复用，不按host强制绕行。,question,,question::next,保持动作语义，采用新版任务状态契约,"spaceId,sessionId,packVersion,questionId,optionId,answerRevision",暂停保存当前位置；恢复同一答卷同一题；已完成仅回看。,保存失败保持临时选择，下一题不可走；重试或导出临时答案。,结构映射，不是此旧动作已运行；精确实现以events.json与原型为准
question,previous,上一题,event,,question,保留事件/确认语义,当前输入符合本页说明,previous_question,[],承载映射；目标存在不证明运行闭环。具体入口可就近复用，不按host强制绕行。,question,,question::previous,保持动作语义，采用新版任务状态契约,"spaceId,sessionId,packVersion,questionId,optionId,answerRevision",暂停保存当前位置；恢复同一答卷同一题；已完成仅回看。,保存失败保持临时选择，下一题不可走；重试或导出临时答案。,结构映射，不是此旧动作已运行；精确实现以events.json与原型为准
question,review,检查这次作答,navigate,answer-review,answer-review,跳到独立任务,本页上下文有效；设计台允许查看示例,,[],承载映射；目标存在不证明运行闭环。具体入口可就近复用，不按host强制绕行。,question,review,question::review,导航收敛到同一任务/对象；原动作意图保留,"spaceId,sessionId,packVersion,questionId,optionId,answerRevision",暂停保存当前位置；恢复同一答卷同一题；已完成仅回看。,保存失败保持临时选择，下一题不可走；重试或导出临时答案。,结构映射，不是此旧动作已运行；精确实现以events.json与原型为准
question,exit,退出，稍后继续,dialog,,question,保留事件/确认语义,本人当前记录；用户明确确认,save_answers,"[""sessionId"", ""exitAfterSave=true"", ""returnTo=unfinished""]",承载映射；目标存在不证明运行闭环。具体入口可就近复用，不按host强制绕行。,question,,question::exit,保持动作语义，采用新版任务状态契约,"spaceId,sessionId,packVersion,questionId,optionId,answerRevision",暂停保存当前位置；恢复同一答卷同一题；已完成仅回看。,保存失败保持临时选择，下一题不可走；重试或导出临时答案。,结构映射，不是此旧动作已运行；精确实现以events.json与原型为准
answer-review,submit,确认并进入提交,navigate,assessment-submit,answer-review,在检查页一次确认→提交/保存状态→同一report,本页上下文有效；设计台允许查看示例,,"[""sessionId"", ""answerRevision""]",失败保留答卷；已生成resultId只查回，不重算。,review,review,answer-review::submit,导航收敛到同一任务/对象；原动作意图保留,"sessionId,answerRevision,submitToken,resultId?",已完成只读；重新开始产生新sessionId，不覆盖旧记录。,缺题定位；重复提交返回同一结果；内容版本不匹配不算。,结构映射，不是此旧动作已运行；精确实现以events.json与原型为准
answer-review,edit,回到题目修改,navigate,question,question,跳到独立任务,本页上下文有效；设计台允许查看示例,,"[""questionId""]",承载映射；目标存在不证明运行闭环。具体入口可就近复用，不按host强制绕行。,review,question,answer-review::edit,导航收敛到同一任务/对象；原动作意图保留,"sessionId,answerRevision,submitToken,resultId?",已完成只读；重新开始产生新sessionId，不覆盖旧记录。,缺题定位；重复提交返回同一结果；内容版本不匹配不算。,结构映射，不是此旧动作已运行；精确实现以events.json与原型为准
answer-review,save,保留本次进度,event,,answer-review,保留事件/确认语义,当前输入符合本页说明,save_answers,"[""sessionId"", ""exitAfterSave=false""]",承载映射；目标存在不证明运行闭环。具体入口可就近复用，不按host强制绕行。,review,,answer-review::save,保持动作语义，采用新版任务状态契约,"sessionId,answerRevision,submitToken,resultId?",已完成只读；重新开始产生新sessionId，不覆盖旧记录。,缺题定位；重复提交返回同一结果；内容版本不匹配不算。,结构映射，不是此旧动作已运行；精确实现以events.json与原型为准
assessment-submit,submit,演示提交,event,,answer-review,保留事件/确认语义,当前输入符合本页说明,submit_assessment,"[""sessionId"", ""answerRevision"", ""mode"", ""factorCode"", ""dailySelectionId""]",承载映射；目标存在不证明运行闭环。具体入口可就近复用，不按host强制绕行。,review,,assessment-submit::submit,保持动作语义，采用新版任务状态契约,"sessionId,answerRevision,submitToken,resultId?",已完成只读；重新开始产生新sessionId，不覆盖旧记录。,缺题定位；重复提交返回同一结果；内容版本不匹配不算。,结构映射，不是此旧动作已运行；精确实现以events.json与原型为准
assessment-submit,open,打开报告示例,navigate,report,report,跳到独立任务,当前会话已有已保存的演示结果身份；另行看排版样稿不代表提交完成,,"[""resultId""]",承载映射；目标存在不证明运行闭环。具体入口可就近复用，不按host强制绕行。,review,report,assessment-submit::open,导航收敛到同一任务/对象；原动作意图保留,"sessionId,answerRevision,submitToken,resultId?",已完成只读；重新开始产生新sessionId，不覆盖旧记录。,缺题定位；重复提交返回同一结果；内容版本不匹配不算。,结构映射，不是此旧动作已运行；精确实现以events.json与原型为准
assessment-submit,review,返回检查答卷,navigate,answer-review,answer-review,跳到独立任务,本页上下文有效；设计台允许查看示例,,[],承载映射；目标存在不证明运行闭环。具体入口可就近复用，不按host强制绕行。,review,review,assessment-submit::review,导航收敛到同一任务/对象；原动作意图保留,"sessionId,answerRevision,submitToken,resultId?",已完成只读；重新开始产生新sessionId，不覆盖旧记录。,缺题定位；重复提交返回同一结果；内容版本不匹配不算。,结构映射，不是此旧动作已运行；精确实现以events.json与原型为准
assessment-submit,retry,重试当前未完成步骤,event,,answer-review,保留事件/确认语义,本次提交已有可恢复的失败步骤；无提交时不能显示恢复成功,retry_assessment_submit,"[""sessionId"", ""submissionId"", ""resultId"", ""failedStep""]",承载映射；目标存在不证明运行闭环。具体入口可就近复用，不按host强制绕行。,review,,assessment-submit::retry,保持动作语义，采用新版任务状态契约,"sessionId,answerRevision,submitToken,resultId?",已完成只读；重新开始产生新sessionId，不覆盖旧记录。,缺题定位；重复提交返回同一结果；内容版本不匹配不算。,结构映射，不是此旧动作已运行；精确实现以events.json与原型为准
session-recovery,resume,继续这份草稿,navigate,question,question,跳到独立任务,本页上下文有效；设计台允许查看示例,,"[""sessionId"", ""originalPackVersion"", ""mode"", ""lastSavedQuestionId""]",承载映射；目标存在不证明运行闭环。具体入口可就近复用，不按host强制绕行。,recovery,question,session-recovery::resume,导航收敛到同一任务/对象；原动作意图保留,"sessionId,packVersion,lastSavedQuestionId",继续原任务；取消仍留在原入口；不隐式合并。,包丢失/数据损坏/空间归属不明分别说明；不可恢复时保留原始数据。,结构映射，不是此旧动作已运行；精确实现以events.json与原型为准
session-recovery,pack,恢复对应内容包,navigate,content-download,content-library,同一对象状态转换,本页上下文有效；设计台允许查看示例,,"[""sessionId"", ""requestedPackVersion"", ""returnTo=session-recovery""]",承载映射；目标存在不证明运行闭环。具体入口可就近复用，不按host强制绕行。,recovery,content,session-recovery::pack,导航收敛到同一任务/对象；原动作意图保留,"sessionId,packVersion,lastSavedQuestionId",继续原任务；取消仍留在原入口；不隐式合并。,包丢失/数据损坏/空间归属不明分别说明；不可恢复时保留原始数据。,结构映射，不是此旧动作已运行；精确实现以events.json与原型为准
session-recovery,retry,重试读取草稿,event,,question,保留事件/确认语义,当前输入符合本页说明,retry_session_restore,[],承载映射；目标存在不证明运行闭环。具体入口可就近复用，不按host强制绕行。,recovery,,session-recovery::retry,保持动作语义，采用新版任务状态契约,"sessionId,packVersion,lastSavedQuestionId",继续原任务；取消仍留在原入口；不隐式合并。,包丢失/数据损坏/空间归属不明分别说明；不可恢复时保留原始数据。,结构映射，不是此旧动作已运行；精确实现以events.json与原型为准
session-recovery,new,另开一次探索,navigate,session-prepare,assessment-detail,原位展开/局部操作,本页上下文有效；设计台允许查看示例,,"[""intent=new"", ""sourceSessionId""]",承载映射；目标存在不证明运行闭环。具体入口可就近复用，不按host强制绕行。,recovery,assessment-detail,session-recovery::new,导航收敛到同一任务/对象；原动作意图保留,"sessionId,packVersion,lastSavedQuestionId",继续原任务；取消仍留在原入口；不隐式合并。,包丢失/数据损坏/空间归属不明分别说明；不可恢复时保留原始数据。,结构映射，不是此旧动作已运行；精确实现以events.json与原型为准
session-recovery,discard,删除这份草稿,dialog,,question,保留事件/确认语义,选定草稿仍存在，且本人确认删除这份未完成记录,discard_session,"[""sessionId""]",承载映射；目标存在不证明运行闭环。具体入口可就近复用，不按host强制绕行。,recovery,,session-recovery::discard,保持动作语义，采用新版任务状态契约,"sessionId,packVersion,lastSavedQuestionId",继续原任务；取消仍留在原入口；不隐式合并。,包丢失/数据损坏/空间归属不明分别说明；不可恢复时保留原始数据。,结构映射，不是此旧动作已运行；精确实现以events.json与原型为准
unfinished,resume,恢复选中的草稿,navigate,session-recovery,question,同一对象状态转换,本页上下文有效；设计台允许查看示例,,"[""sessionId""]",承载映射；目标存在不证明运行闭环。具体入口可就近复用，不按host强制绕行。,recovery,recovery,unfinished::resume,导航收敛到同一任务/对象；原动作意图保留,"sessionId,packVersion,lastSavedQuestionId",继续原任务；取消仍留在原入口；不隐式合并。,包丢失/数据损坏/空间归属不明分别说明；不可恢复时保留原始数据。,结构映射，不是此旧动作已运行；精确实现以events.json与原型为准
unfinished,start,开始新的探索,navigate,assessment-detail,assessment-detail,跳到独立任务,本页上下文有效；设计台允许查看示例,,"[""intent=new""]",承载映射；目标存在不证明运行闭环。具体入口可就近复用，不按host强制绕行。,recovery,assessment-detail,unfinished::start,导航收敛到同一任务/对象；原动作意图保留,"sessionId,packVersion,lastSavedQuestionId",继续原任务；取消仍留在原入口；不隐式合并。,包丢失/数据损坏/空间归属不明分别说明；不可恢复时保留原始数据。,结构映射，不是此旧动作已运行；精确实现以events.json与原型为准
unfinished,history,看已完成记录,navigate,records,records,跳到独立任务,本页上下文有效；设计台允许查看示例,,[],承载映射；目标存在不证明运行闭环。具体入口可就近复用，不按host强制绕行。,recovery,records,unfinished::history,导航收敛到同一任务/对象；原动作意图保留,"sessionId,packVersion,lastSavedQuestionId",继续原任务；取消仍留在原入口；不隐式合并。,包丢失/数据损坏/空间归属不明分别说明；不可恢复时保留原始数据。,结构映射，不是此旧动作已运行；精确实现以events.json与原型为准
report,factor,看一个因子的详细解释,event,factor-detail,report,原位展开/局部操作,本页上下文有效；设计台允许查看示例,open_inline,"[""resultId"", ""factorCode""]",承载映射；目标存在不证明运行闭环。具体入口可就近复用，不按host强制绕行。,report,report,report::factor,保持动作语义，采用新版任务状态契约,"resultId,resultVersion,factorId,sectionId,interpretationVersion",回到同一段位置；本人补充独立存储，不改原始分数。,未知灰色不是0；不同版本不混合；找不到指定报告不能拿样例替代。,结构映射，不是此旧动作已运行；精确实现以events.json与原型为准
report,long,阅读完整解释,event,report-explanation,report,原位展开/局部操作,本页上下文有效；设计台允许查看示例,open_inline,[],承载映射；目标存在不证明运行闭环。具体入口可就近复用，不按host强制绕行。,report,report,report::long,保持动作语义，采用新版任务状态契约,"resultId,resultVersion,factorId,sectionId,interpretationVersion",回到同一段位置；本人补充独立存储，不改原始分数。,未知灰色不是0；不同版本不混合；找不到指定报告不能拿样例替代。,结构映射，不是此旧动作已运行；精确实现以events.json与原型为准
report,ai,结合我的经历聊聊,navigate,assistant,assistant,跳到独立任务,本页上下文有效；设计台允许查看示例 进入说明或准备草稿不调用AI；任何新AI对话都必须已注册登录，并与AI分析共用每日额度。,,"[""resultId"", ""selectedReportContext"", ""pendingAiType=chat"", ""returnTo""]",承载映射；目标存在不证明运行闭环。具体入口可就近复用，不按host强制绕行。,report,assistant,report::ai,导航收敛到同一任务/对象；原动作意图保留,"resultId,resultVersion,factorId,sectionId,interpretationVersion",回到同一段位置；本人补充独立存储，不改原始分数。,未知灰色不是0；不同版本不混合；找不到指定报告不能拿样例替代。,结构映射，不是此旧动作已运行；精确实现以events.json与原型为准
report,evidence,查看结果依据,event,report-evidence,report,原位展开/局部操作,本页上下文有效；设计台允许查看示例,open_inline,[],承载映射；目标存在不证明运行闭环。具体入口可就近复用，不按host强制绕行。,report,report,report::evidence,保持动作语义，采用新版任务状态契约,"resultId,resultVersion,factorId,sectionId,interpretationVersion",回到同一段位置；本人补充独立存储，不改原始分数。,未知灰色不是0；不同版本不混合；找不到指定报告不能拿样例替代。,结构映射，不是此旧动作已运行；精确实现以events.json与原型为准
report,feedback,有些地方不符合我,event,report-feedback,report,原位展开/局部操作,本页上下文有效；设计台允许查看示例,open_inline,[],承载映射；目标存在不证明运行闭环。具体入口可就近复用，不按host强制绕行。,report,report,report::feedback,保持动作语义，采用新版任务状态契约,"resultId,resultVersion,factorId,sectionId,interpretationVersion",回到同一段位置；本人补充独立存储，不改原始分数。,未知灰色不是0；不同版本不混合；找不到指定报告不能拿样例替代。,结构映射，不是此旧动作已运行；精确实现以events.json与原型为准
report,share,预览可分享内容,navigate,share-preview,share-preview,跳到独立任务,本页上下文有效；设计台允许查看示例,,[],承载映射；目标存在不证明运行闭环。具体入口可就近复用，不按host强制绕行。,report,share,report::share,导航收敛到同一任务/对象；原动作意图保留,"resultId,resultVersion,factorId,sectionId,interpretationVersion",回到同一段位置；本人补充独立存储，不改原始分数。,未知灰色不是0；不同版本不混合；找不到指定报告不能拿样例替代。,结构映射，不是此旧动作已运行；精确实现以events.json与原型为准
factor-detail,discuss,聊聊这个角度,navigate,assistant,assistant,跳到独立任务,本页上下文有效；设计台允许查看示例 进入说明或准备草稿不调用AI；任何新AI对话都必须已注册登录，并与AI分析共用每日额度。,,"[""factorCode"", ""resultId"", ""pendingAiType=chat"", ""returnTo""]",承载映射；目标存在不证明运行闭环。具体入口可就近复用，不按host强制绕行。,report,assistant,factor-detail::discuss,导航收敛到同一任务/对象；原动作意图保留,"resultId,resultVersion,factorId,sectionId,interpretationVersion",回到同一段位置；本人补充独立存储，不改原始分数。,未知灰色不是0；不同版本不混合；找不到指定报告不能拿样例替代。,结构映射，不是此旧动作已运行；精确实现以events.json与原型为准
factor-detail,single,了解单因子探索,navigate,single-factor-detail,assessment-detail,同一承载内切换模式,本页上下文有效；设计台允许查看示例,,"[""assessmentId"", ""factorCode"", ""mode"", ""returnTo""]",承载映射；目标存在不证明运行闭环。具体入口可就近复用，不按host强制绕行。,report,light-suite,factor-detail::single,导航收敛到同一任务/对象；原动作意图保留,"resultId,resultVersion,factorId,sectionId,interpretationVersion",回到同一段位置；本人补充独立存储，不改原始分数。,未知灰色不是0；不同版本不混合；找不到指定报告不能拿样例替代。,结构映射，不是此旧动作已运行；精确实现以events.json与原型为准
factor-detail,evidence,看对应解释依据,event,report-evidence,report,原位展开/局部操作,本页上下文有效；设计台允许查看示例,open_inline,[],承载映射；目标存在不证明运行闭环。具体入口可就近复用，不按host强制绕行。,report,report,factor-detail::evidence,保持动作语义，采用新版任务状态契约,"resultId,resultVersion,factorId,sectionId,interpretationVersion",回到同一段位置；本人补充独立存储，不改原始分数。,未知灰色不是0；不同版本不混合；找不到指定报告不能拿样例替代。,结构映射，不是此旧动作已运行；精确实现以events.json与原型为准
factor-detail,report,回到整份报告,navigate,report,report,跳到独立任务,本页上下文有效；设计台允许查看示例,,[],承载映射；目标存在不证明运行闭环。具体入口可就近复用，不按host强制绕行。,report,report,factor-detail::report,导航收敛到同一任务/对象；原动作意图保留,"resultId,resultVersion,factorId,sectionId,interpretationVersion",回到同一段位置；本人补充独立存储，不改原始分数。,未知灰色不是0；不同版本不混合；找不到指定报告不能拿样例替代。,结构映射，不是此旧动作已运行；精确实现以events.json与原型为准
report-evidence,source,看题源与计算说明,navigate,assessment-source,assessment-source,跳到独立任务,本页上下文有效；设计台允许查看示例,,[],承载映射；目标存在不证明运行闭环。具体入口可就近复用，不按host强制绕行。,report,assessment-detail,report-evidence::source,导航收敛到同一任务/对象；原动作意图保留,"resultId,resultVersion,factorId,sectionId,interpretationVersion",回到同一段位置；本人补充独立存储，不改原始分数。,未知灰色不是0；不同版本不混合；找不到指定报告不能拿样例替代。,结构映射，不是此旧动作已运行；精确实现以events.json与原型为准
report-evidence,feedback,指出依据不符合的地方,event,report-feedback,report,原位展开/局部操作,本页上下文有效；设计台允许查看示例,open_inline,[],承载映射；目标存在不证明运行闭环。具体入口可就近复用，不按host强制绕行。,report,report,report-evidence::feedback,保持动作语义，采用新版任务状态契约,"resultId,resultVersion,factorId,sectionId,interpretationVersion",回到同一段位置；本人补充独立存储，不改原始分数。,未知灰色不是0；不同版本不混合；找不到指定报告不能拿样例替代。,结构映射，不是此旧动作已运行；精确实现以events.json与原型为准
report-evidence,portrait,查看个人认识的来源,navigate,my-portrait,my-portrait,跳到独立任务,本页上下文有效；设计台允许查看示例,,[],承载映射；目标存在不证明运行闭环。具体入口可就近复用，不按host强制绕行。,report,portrait,report-evidence::portrait,导航收敛到同一任务/对象；原动作意图保留,"resultId,resultVersion,factorId,sectionId,interpretationVersion",回到同一段位置；本人补充独立存储，不改原始分数。,未知灰色不是0；不同版本不混合；找不到指定报告不能拿样例替代。,结构映射，不是此旧动作已运行；精确实现以events.json与原型为准
report-evidence,report,返回报告,navigate,report,report,跳到独立任务,本页上下文有效；设计台允许查看示例,,[],承载映射；目标存在不证明运行闭环。具体入口可就近复用，不按host强制绕行。,report,report,report-evidence::report,导航收敛到同一任务/对象；原动作意图保留,"resultId,resultVersion,factorId,sectionId,interpretationVersion",回到同一段位置；本人补充独立存储，不改原始分数。,未知灰色不是0；不同版本不混合；找不到指定报告不能拿样例替代。,结构映射，不是此旧动作已运行；精确实现以events.json与原型为准
report-feedback,save,保存补充示例,event,,report,保留事件/确认语义,当前输入符合本页说明,save_report_feedback,[],承载映射；目标存在不证明运行闭环。具体入口可就近复用，不按host强制绕行。,report,,report-feedback::save,保持动作语义，采用新版任务状态契约,"resultId,resultVersion,factorId,sectionId,interpretationVersion",回到同一段位置；本人补充独立存储，不改原始分数。,未知灰色不是0；不同版本不混合；找不到指定报告不能拿样例替代。,结构映射，不是此旧动作已运行；精确实现以events.json与原型为准
report-feedback,talk,继续和助理讨论,navigate,assistant,assistant,跳到独立任务,本页上下文有效；设计台允许查看示例 进入说明或准备草稿不调用AI；任何新AI对话都必须已注册登录，并与AI分析共用每日额度。,,"[""resultId"", ""feedbackDraft"", ""pendingAiType=chat"", ""returnTo"", ""selectedSourceId"", ""selectedPassage"", ""confirmContextBeforeSend=true""]",承载映射；目标存在不证明运行闭环。具体入口可就近复用，不按host强制绕行。,report,assistant,report-feedback::talk,导航收敛到同一任务/对象；原动作意图保留,"resultId,resultVersion,factorId,sectionId,interpretationVersion",回到同一段位置；本人补充独立存储，不改原始分数。,未知灰色不是0；不同版本不混合；找不到指定报告不能拿样例替代。,结构映射，不是此旧动作已运行；精确实现以events.json与原型为准
report-feedback,back,回到原报告,navigate,report,report,跳到独立任务,本页上下文有效；设计台允许查看示例,,[],承载映射；目标存在不证明运行闭环。具体入口可就近复用，不按host强制绕行。,report,report,report-feedback::back,导航收敛到同一任务/对象；原动作意图保留,"resultId,resultVersion,factorId,sectionId,interpretationVersion",回到同一段位置；本人补充独立存储，不改原始分数。,未知灰色不是0；不同版本不混合；找不到指定报告不能拿样例替代。,结构映射，不是此旧动作已运行；精确实现以events.json与原型为准
report-explanation,discuss,选一段和助理聊聊,navigate,assistant,assistant,跳到独立任务,本页上下文有效；设计台允许查看示例 进入说明或准备草稿不调用AI；任何新AI对话都必须已注册登录，并与AI分析共用每日额度。,,"[""resultId"", ""selectedPassage"", ""pendingAiType=chat"", ""returnTo"", ""selectedSourceId"", ""confirmContextBeforeSend=true""]",承载映射；目标存在不证明运行闭环。具体入口可就近复用，不按host强制绕行。,report,assistant,report-explanation::discuss,导航收敛到同一任务/对象；原动作意图保留,"resultId,resultVersion,factorId,sectionId,interpretationVersion",回到同一段位置；本人补充独立存储，不改原始分数。,未知灰色不是0；不同版本不混合；找不到指定报告不能拿样例替代。,结构映射，不是此旧动作已运行；精确实现以events.json与原型为准
report-explanation,action,把想法变成可选行动,navigate,action-list,action-list,跳到独立任务,本页上下文有效；设计台允许查看示例,,"[""suggestionDraft""]",承载映射；目标存在不证明运行闭环。具体入口可就近复用，不按host强制绕行。,report,actions,report-explanation::action,导航收敛到同一任务/对象；原动作意图保留,"resultId,resultVersion,factorId,sectionId,interpretationVersion",回到同一段位置；本人补充独立存储，不改原始分数。,未知灰色不是0；不同版本不混合；找不到指定报告不能拿样例替代。,结构映射，不是此旧动作已运行；精确实现以events.json与原型为准
report-explanation,factor,逐因子查看,event,factor-detail,report,原位展开/局部操作,本页上下文有效；设计台允许查看示例,open_inline,[],承载映射；目标存在不证明运行闭环。具体入口可就近复用，不按host强制绕行。,report,report,report-explanation::factor,保持动作语义，采用新版任务状态契约,"resultId,resultVersion,factorId,sectionId,interpretationVersion",回到同一段位置；本人补充独立存储，不改原始分数。,未知灰色不是0；不同版本不混合；找不到指定报告不能拿样例替代。,结构映射，不是此旧动作已运行；精确实现以events.json与原型为准
report-explanation,feedback,这段不符合我的经历,event,report-feedback,report,原位展开/局部操作,本页上下文有效；设计台允许查看示例,open_inline,[],承载映射；目标存在不证明运行闭环。具体入口可就近复用，不按host强制绕行。,report,report,report-explanation::feedback,保持动作语义，采用新版任务状态契约,"resultId,resultVersion,factorId,sectionId,interpretationVersion",回到同一段位置；本人补充独立存储，不改原始分数。,未知灰色不是0；不同版本不混合；找不到指定报告不能拿样例替代。,结构映射，不是此旧动作已运行；精确实现以events.json与原型为准
report-explanation,map,查看生活关联图,event,,report,保留事件/确认语义,当前输入符合本页说明,show_report_meaning_map,[],承载映射；目标存在不证明运行闭环。具体入口可就近复用，不按host强制绕行。,report,,report-explanation::map,保持动作语义，采用新版任务状态契约,"resultId,resultVersion,factorId,sectionId,interpretationVersion",回到同一段位置；本人补充独立存储，不改原始分数。,未知灰色不是0；不同版本不混合；找不到指定报告不能拿样例替代。,结构映射，不是此旧动作已运行；精确实现以events.json与原型为准
records,report,查看报告示例,navigate,report,report,跳到独立任务,本页上下文有效；设计台允许查看示例,,"[""resultId""]",承载映射；目标存在不证明运行闭环。具体入口可就近复用，不按host强制绕行。,records,report,records::report,导航收敛到同一任务/对象；原动作意图保留,"spaceId,recordType,recordId,version",打开精确对象，返回原筛选/时间位置。,空状态给可开始的动作；损坏记录单独隔离不清空整个列表。,结构映射，不是此旧动作已运行；精确实现以events.json与原型为准
records,timeline,按时间回看,navigate,record-timeline,records,同一承载内切换模式,本页上下文有效；设计台允许查看示例,,[],承载映射；目标存在不证明运行闭环。具体入口可就近复用，不按host强制绕行。,records,records,records::timeline,导航收敛到同一任务/对象；原动作意图保留,"spaceId,recordType,recordId,version",打开精确对象，返回原筛选/时间位置。,空状态给可开始的动作；损坏记录单独隔离不清空整个列表。,结构映射，不是此旧动作已运行；精确实现以events.json与原型为准
records,compare,选择可比较记录,navigate,compare-select,records,同一承载内切换模式,本页上下文有效；设计台允许查看示例,,[],承载映射；目标存在不证明运行闭环。具体入口可就近复用，不按host强制绕行。,records,compare,records::compare,导航收敛到同一任务/对象；原动作意图保留,"spaceId,recordType,recordId,version",打开精确对象，返回原筛选/时间位置。,空状态给可开始的动作；损坏记录单独隔离不清空整个列表。,结构映射，不是此旧动作已运行；精确实现以events.json与原型为准
records,unfinished,查看未完成,navigate,unfinished,records,同一承载内切换模式,本页上下文有效；设计台允许查看示例,,[],承载映射；目标存在不证明运行闭环。具体入口可就近复用，不按host强制绕行。,records,recovery,records::unfinished,导航收敛到同一任务/对象；原动作意图保留,"spaceId,recordType,recordId,version",打开精确对象，返回原筛选/时间位置。,空状态给可开始的动作；损坏记录单独隔离不清空整个列表。,结构映射，不是此旧动作已运行；精确实现以events.json与原型为准
records,data,管理记录数据,navigate,data-center,data-center,跳到独立任务,本页上下文有效；设计台允许查看示例,,[],承载映射；目标存在不证明运行闭环。具体入口可就近复用，不按host强制绕行。,records,data,records::data,导航收敛到同一任务/对象；原动作意图保留,"spaceId,recordType,recordId,version",打开精确对象，返回原筛选/时间位置。,空状态给可开始的动作；损坏记录单独隔离不清空整个列表。,结构映射，不是此旧动作已运行；精确实现以events.json与原型为准
records,visual-list,图形摘要,event,,records,保留事件/确认语义,当前输入符合本页说明,show_record_visual_cards,[],承载映射；目标存在不证明运行闭环。具体入口可就近复用，不按host强制绕行。,records,,records::visual-list,保持动作语义，采用新版任务状态契约,"spaceId,recordType,recordId,version",打开精确对象，返回原筛选/时间位置。,空状态给可开始的动作；损坏记录单独隔离不清空整个列表。,结构映射，不是此旧动作已运行；精确实现以events.json与原型为准
record-timeline,open,打开一个结果节点,navigate,report,report,跳到独立任务,本页上下文有效；设计台允许查看示例,,"[""resultId""]",承载映射；目标存在不证明运行闭环。具体入口可就近复用，不按host强制绕行。,records,report,record-timeline::open,导航收敛到同一任务/对象；原动作意图保留,"spaceId,recordType,recordId,version",打开精确对象，返回原筛选/时间位置。,空状态给可开始的动作；损坏记录单独隔离不清空整个列表。,结构映射，不是此旧动作已运行；精确实现以events.json与原型为准
record-timeline,observe,记录后来的观察,navigate,observation-edit,observation-edit,跳到独立任务,本页上下文有效；设计台允许查看示例,,"[""resultId""]",承载映射；目标存在不证明运行闭环。具体入口可就近复用，不按host强制绕行。,records,journal,record-timeline::observe,导航收敛到同一任务/对象；原动作意图保留,"spaceId,recordType,recordId,version",打开精确对象，返回原筛选/时间位置。,空状态给可开始的动作；损坏记录单独隔离不清空整个列表。,结构映射，不是此旧动作已运行；精确实现以events.json与原型为准
record-timeline,action,回看相关行动,navigate,action-list,action-list,跳到独立任务,本页上下文有效；设计台允许查看示例,,[],承载映射；目标存在不证明运行闭环。具体入口可就近复用，不按host强制绕行。,records,actions,record-timeline::action,导航收敛到同一任务/对象；原动作意图保留,"spaceId,recordType,recordId,version",打开精确对象，返回原筛选/时间位置。,空状态给可开始的动作；损坏记录单独隔离不清空整个列表。,结构映射，不是此旧动作已运行；精确实现以events.json与原型为准
record-timeline,compare,检查是否可以比较,navigate,compare-select,records,同一承载内切换模式,本页上下文有效；设计台允许查看示例,,[],承载映射；目标存在不证明运行闭环。具体入口可就近复用，不按host强制绕行。,records,compare,record-timeline::compare,导航收敛到同一任务/对象；原动作意图保留,"spaceId,recordType,recordId,version",打开精确对象，返回原筛选/时间位置。,空状态给可开始的动作；损坏记录单独隔离不清空整个列表。,结构映射，不是此旧动作已运行；精确实现以events.json与原型为准
record-timeline,timeline-visual,查看认识轨迹图,event,,records,保留事件/确认语义,当前输入符合本页说明,show_record_timeline,[],承载映射；目标存在不证明运行闭环。具体入口可就近复用，不按host强制绕行。,records,,record-timeline::timeline-visual,保持动作语义，采用新版任务状态契约,"spaceId,recordType,recordId,version",打开精确对象，返回原筛选/时间位置。,空状态给可开始的动作；损坏记录单独隔离不清空整个列表。,结构映射，不是此旧动作已运行；精确实现以events.json与原型为准
compare-select,check,检查可比条件,event,,records,保留事件/确认语义,必须选择两份不同的记录；明确比较的是样例结构，不能冒充正式测量可比性核验,check_result_comparability,"[""recordA"", ""recordB""]",承载映射；目标存在不证明运行闭环。具体入口可就近复用，不按host强制绕行。,compare,,compare-select::check,保持动作语义，采用新版任务状态契约,"leftResultId,rightResultId,comparabilityRuleVersion",取消选择保留原记录；不改任何结果。,不同行为/模拟/观察不能拼成趋势；无依据就只并列阅读。,结构映射，不是此旧动作已运行；精确实现以events.json与原型为准
compare-select,compare,按检查结果回看两份样例,navigate,compare-report,compare-report,跳到独立任务,两份不同样例已经检查；版本不同只并列，不画差值连接或进步趋势,,"[""recordA"", ""recordB"", ""comparisonStatus""]",承载映射；目标存在不证明运行闭环。具体入口可就近复用，不按host强制绕行。,compare,compare,compare-select::compare,导航收敛到同一任务/对象；原动作意图保留,"leftResultId,rightResultId,comparabilityRuleVersion",取消选择保留原记录；不改任何结果。,不同行为/模拟/观察不能拼成趋势；无依据就只并列阅读。,结构映射，不是此旧动作已运行；精确实现以events.json与原型为准
compare-select,records,回到全部记录,navigate,records,records,跳到独立任务,本页上下文有效；设计台允许查看示例,,[],承载映射；目标存在不证明运行闭环。具体入口可就近复用，不按host强制绕行。,compare,records,compare-select::records,导航收敛到同一任务/对象；原动作意图保留,"leftResultId,rightResultId,comparabilityRuleVersion",取消选择保留原记录；不改任何结果。,不同行为/模拟/观察不能拼成趋势；无依据就只并列阅读。,结构映射，不是此旧动作已运行；精确实现以events.json与原型为准
compare-report,discuss,带着两次经历聊聊,navigate,assistant,assistant,跳到独立任务,本页上下文有效；设计台允许查看示例 进入说明或准备草稿不调用AI；任何新AI对话都必须已注册登录，并与AI分析共用每日额度。,,"[""resultIds"", ""comparisonBoundary"", ""pendingAiType=chat"", ""returnTo""]",承载映射；目标存在不证明运行闭环。具体入口可就近复用，不按host强制绕行。,compare,assistant,compare-report::discuss,导航收敛到同一任务/对象；原动作意图保留,"leftResultId,rightResultId,comparabilityRuleVersion",取消选择保留原记录；不改任何结果。,不同行为/模拟/观察不能拼成趋势；无依据就只并列阅读。,结构映射，不是此旧动作已运行；精确实现以events.json与原型为准
compare-report,observe,补充变化的背景,navigate,observation-edit,observation-edit,跳到独立任务,本页上下文有效；设计台允许查看示例,,[],承载映射；目标存在不证明运行闭环。具体入口可就近复用，不按host强制绕行。,compare,journal,compare-report::observe,导航收敛到同一任务/对象；原动作意图保留,"leftResultId,rightResultId,comparabilityRuleVersion",取消选择保留原记录；不改任何结果。,不同行为/模拟/观察不能拼成趋势；无依据就只并列阅读。,结构映射，不是此旧动作已运行；精确实现以events.json与原型为准
compare-report,reselect,重新选择记录,navigate,compare-select,records,同一承载内切换模式,本页上下文有效；设计台允许查看示例,,[],承载映射；目标存在不证明运行闭环。具体入口可就近复用，不按host强制绕行。,compare,compare,compare-report::reselect,导航收敛到同一任务/对象；原动作意图保留,"leftResultId,rightResultId,comparabilityRuleVersion",取消选择保留原记录；不改任何结果。,不同行为/模拟/观察不能拼成趋势；无依据就只并列阅读。,结构映射，不是此旧动作已运行；精确实现以events.json与原型为准
compare-report,original,查看其中一份原报告,navigate,report,report,跳到独立任务,本页上下文有效；设计台允许查看示例,,[],承载映射；目标存在不证明运行闭环。具体入口可就近复用，不按host强制绕行。,compare,report,compare-report::original,导航收敛到同一任务/对象；原动作意图保留,"leftResultId,rightResultId,comparabilityRuleVersion",取消选择保留原记录；不改任何结果。,不同行为/模拟/观察不能拼成趋势；无依据就只并列阅读。,结构映射，不是此旧动作已运行；精确实现以events.json与原型为准
share-preview,preview,生成分享预览,event,,share-preview,保留事件/确认语义,当前输入符合本页说明,preview_share,[],承载映射；目标存在不证明运行闭环。具体入口可就近复用，不按host强制绕行。,share,,share-preview::preview,保持动作语义，采用新版任务状态契约,"resultId,sectionIds,exportSnapshotId,redactionVersion",取消不导出；返回报告原片段；预览与实际内容一致。,文件生成失败不显示已保存；文件离开设备后不可远程撤回。,结构映射，不是此旧动作已运行；精确实现以events.json与原型为准
share-preview,export,演示导出分享卡,event,,share-preview,保留事件/确认语义,当前输入符合本页说明,export_share_demo,[],承载映射；目标存在不证明运行闭环。具体入口可就近复用，不按host强制绕行。,share,,share-preview::export,保持动作语义，采用新版任务状态契约,"resultId,sectionIds,exportSnapshotId,redactionVersion",取消不导出；返回报告原片段；预览与实际内容一致。,文件生成失败不显示已保存；文件离开设备后不可远程撤回。,结构映射，不是此旧动作已运行；精确实现以events.json与原型为准
share-preview,manage,查看分享管理方案,navigate,share-records,records,同一承载内切换模式,本页上下文有效；设计台允许查看示例,,[],承载映射；目标存在不证明运行闭环。具体入口可就近复用，不按host强制绕行。,share,share,share-preview::manage,导航收敛到同一任务/对象；原动作意图保留,"resultId,sectionIds,exportSnapshotId,redactionVersion",取消不导出；返回报告原片段；预览与实际内容一致。,文件生成失败不显示已保存；文件离开设备后不可远程撤回。,结构映射，不是此旧动作已运行；精确实现以events.json与原型为准
share-preview,privacy,了解分享隐私,navigate,privacy,privacy,跳到独立任务,本页上下文有效；设计台允许查看示例,,[],承载映射；目标存在不证明运行闭环。具体入口可就近复用，不按host强制绕行。,share,privacy,share-preview::privacy,导航收敛到同一任务/对象；原动作意图保留,"resultId,sectionIds,exportSnapshotId,redactionVersion",取消不导出；返回报告原片段；预览与实际内容一致。,文件生成失败不显示已保存；文件离开设备后不可远程撤回。,结构映射，不是此旧动作已运行；精确实现以events.json与原型为准
share-records,new,重新预览要分享的内容,navigate,share-preview,share-preview,跳到独立任务,本页上下文有效；设计台允许查看示例,,[],承载映射；目标存在不证明运行闭环。具体入口可就近复用，不按host强制绕行。,share,share,share-records::new,导航收敛到同一任务/对象；原动作意图保留,"resultId,sectionIds,exportSnapshotId,redactionVersion",取消不导出；返回报告原片段；预览与实际内容一致。,文件生成失败不显示已保存；文件离开设备后不可远程撤回。,结构映射，不是此旧动作已运行；精确实现以events.json与原型为准
share-records,revoke,演示撤回在线链接,dialog,,records,保留事件/确认语义,本人当前记录；用户明确确认,revoke_share_demo,[],承载映射；目标存在不证明运行闭环。具体入口可就近复用，不按host强制绕行。,share,,share-records::revoke,保持动作语义，采用新版任务状态契约,"resultId,sectionIds,exportSnapshotId,redactionVersion",取消不导出；返回报告原片段；预览与实际内容一致。,文件生成失败不显示已保存；文件离开设备后不可远程撤回。,结构映射，不是此旧动作已运行；精确实现以events.json与原型为准
share-records,privacy,查看分享范围说明,navigate,privacy,privacy,跳到独立任务,本页上下文有效；设计台允许查看示例,,[],承载映射；目标存在不证明运行闭环。具体入口可就近复用，不按host强制绕行。,share,privacy,share-records::privacy,导航收敛到同一任务/对象；原动作意图保留,"resultId,sectionIds,exportSnapshotId,redactionVersion",取消不导出；返回报告原片段；预览与实际内容一致。,文件生成失败不显示已保存；文件离开设备后不可远程撤回。,结构映射，不是此旧动作已运行；精确实现以events.json与原型为准
single-factor-list,detail,看看这个角度,navigate,single-factor-detail,assessment-detail,同一承载内切换模式,本页上下文有效；设计台允许查看示例,,"[""factorCode"", ""assessmentId"", ""mode"", ""returnTo""]",承载映射；目标存在不证明运行闭环。具体入口可就近复用，不按host强制绕行。,light-suite,light-suite,single-factor-list::detail,导航收敛到同一任务/对象；原动作意图保留,"mode,factorId,daySetId,contentVersion,simulationId",沿原入口返回；正式作答仍使用同一个session与瓶子组件。,正式题组未就绪不伪造；重复进入每日不随机换题；模拟无结论依据只示意。,结构映射，不是此旧动作已运行；精确实现以events.json与原型为准
single-factor-list,meaning,只阅读概念,event,factor-detail,report,原位展开/局部操作,本页上下文有效；设计台允许查看示例,open_inline,"[""assessmentId"", ""factorCode"", ""mode"", ""returnTo""]",承载映射；目标存在不证明运行闭环。具体入口可就近复用，不按host强制绕行。,light-suite,report,single-factor-list::meaning,保持动作语义，采用新版任务状态契约,"mode,factorId,daySetId,contentVersion,simulationId",沿原入口返回；正式作答仍使用同一个session与瓶子组件。,正式题组未就绪不伪造；重复进入每日不随机换题；模拟无结论依据只示意。,结构映射，不是此旧动作已运行；精确实现以events.json与原型为准
single-factor-list,full,了解完整探索,navigate,assessment-detail,assessment-detail,跳到独立任务,本页上下文有效；设计台允许查看示例,,[],承载映射；目标存在不证明运行闭环。具体入口可就近复用，不按host强制绕行。,light-suite,assessment-detail,single-factor-list::full,导航收敛到同一任务/对象；原动作意图保留,"mode,factorId,daySetId,contentVersion,simulationId",沿原入口返回；正式作答仍使用同一个session与瓶子组件。,正式题组未就绪不伪造；重复进入每日不随机换题；模拟无结论依据只示意。,结构映射，不是此旧动作已运行；精确实现以events.json与原型为准
single-factor-list,factor-grid,查看16因子容器,event,,single-factor-list,保留事件/确认语义,当前输入符合本页说明,show_factor_discovery,[],承载映射；目标存在不证明运行闭环。具体入口可就近复用，不按host强制绕行。,light-suite,,single-factor-list::factor-grid,保持动作语义，采用新版任务状态契约,"mode,factorId,daySetId,contentVersion,simulationId",沿原入口返回；正式作答仍使用同一个session与瓶子组件。,正式题组未就绪不伪造；重复进入每日不随机换题；模拟无结论依据只示意。,结构映射，不是此旧动作已运行；精确实现以events.json与原型为准
single-factor-detail,start,开始单因子交互示例,navigate,session-prepare,assessment-detail,原位展开/局部操作,本页上下文有效；设计台允许查看示例,,"[""mode=single"", ""factorCode"", ""factorPackId""]",承载映射；目标存在不证明运行闭环。具体入口可就近复用，不按host强制绕行。,light-suite,assessment-detail,single-factor-detail::start,导航收敛到同一任务/对象；原动作意图保留,"mode,factorId,daySetId,contentVersion,simulationId",沿原入口返回；正式作答仍使用同一个session与瓶子组件。,正式题组未就绪不伪造；重复进入每日不随机换题；模拟无结论依据只示意。,结构映射，不是此旧动作已运行；精确实现以events.json与原型为准
single-factor-detail,source,看单因子题组依据,navigate,assessment-source,assessment-source,跳到独立任务,本页上下文有效；设计台允许查看示例,,[],承载映射；目标存在不证明运行闭环。具体入口可就近复用，不按host强制绕行。,light-suite,assessment-detail,single-factor-detail::source,导航收敛到同一任务/对象；原动作意图保留,"mode,factorId,daySetId,contentVersion,simulationId",沿原入口返回；正式作答仍使用同一个session与瓶子组件。,正式题组未就绪不伪造；重复进入每日不随机换题；模拟无结论依据只示意。,结构映射，不是此旧动作已运行；精确实现以events.json与原型为准
single-factor-detail,meaning,先读因子含义,event,factor-detail,report,原位展开/局部操作,本页上下文有效；设计台允许查看示例,open_inline,"[""assessmentId"", ""factorCode"", ""mode"", ""returnTo""]",承载映射；目标存在不证明运行闭环。具体入口可就近复用，不按host强制绕行。,light-suite,report,single-factor-detail::meaning,保持动作语义，采用新版任务状态契约,"mode,factorId,daySetId,contentVersion,simulationId",沿原入口返回；正式作答仍使用同一个session与瓶子组件。,正式题组未就绪不伪造；重复进入每日不随机换题；模拟无结论依据只示意。,结构映射，不是此旧动作已运行；精确实现以events.json与原型为准
single-factor-detail,back,换一个角度,navigate,single-factor-list,single-factor-list,跳到独立任务,本页上下文有效；设计台允许查看示例,,[],承载映射；目标存在不证明运行闭环。具体入口可就近复用，不按host强制绕行。,light-suite,light-suite,single-factor-detail::back,导航收敛到同一任务/对象；原动作意图保留,"mode,factorId,daySetId,contentVersion,simulationId",沿原入口返回；正式作答仍使用同一个session与瓶子组件。,正式题组未就绪不伪造；重复进入每日不随机换题；模拟无结论依据只示意。,结构映射，不是此旧动作已运行；精确实现以events.json与原型为准
daily,draw,生成今日示例题组,event,,daily,保留事件/确认语义,当前输入符合本页说明,draw_daily_questions,[],承载映射；目标存在不证明运行闭环。具体入口可就近复用，不按host强制绕行。,light-suite,,daily::draw,保持动作语义，采用新版任务状态契约,"mode,factorId,daySetId,contentVersion,simulationId",沿原入口返回；正式作答仍使用同一个session与瓶子组件。,正式题组未就绪不伪造；重复进入每日不随机换题；模拟无结论依据只示意。,结构映射，不是此旧动作已运行；精确实现以events.json与原型为准
daily,answer,开始今天的示例,navigate,session-prepare,assessment-detail,原位展开/局部操作,本页上下文有效；设计台允许查看示例,,"[""mode=daily"", ""dailySelectionId""]",承载映射；目标存在不证明运行闭环。具体入口可就近复用，不按host强制绕行。,light-suite,assessment-detail,daily::answer,导航收敛到同一任务/对象；原动作意图保留,"mode,factorId,daySetId,contentVersion,simulationId",沿原入口返回；正式作答仍使用同一个session与瓶子组件。,正式题组未就绪不伪造；重复进入每日不随机换题；模拟无结论依据只示意。,结构映射，不是此旧动作已运行；精确实现以events.json与原型为准
daily,review,回看每日观察,navigate,daily-review,records,同一承载内切换模式,本页上下文有效；设计台允许查看示例,,[],承载映射；目标存在不证明运行闭环。具体入口可就近复用，不按host强制绕行。,light-suite,light-suite,daily::review,导航收敛到同一任务/对象；原动作意图保留,"mode,factorId,daySetId,contentVersion,simulationId",沿原入口返回；正式作答仍使用同一个session与瓶子组件。,正式题组未就绪不伪造；重复进入每日不随机换题；模拟无结论依据只示意。,结构映射，不是此旧动作已运行；精确实现以events.json与原型为准
daily,action,看看我选择的行动,navigate,action-list,action-list,跳到独立任务,本页上下文有效；设计台允许查看示例,,[],承载映射；目标存在不证明运行闭环。具体入口可就近复用，不按host强制绕行。,light-suite,actions,daily::action,导航收敛到同一任务/对象；原动作意图保留,"mode,factorId,daySetId,contentVersion,simulationId",沿原入口返回；正式作答仍使用同一个session与瓶子组件。,正式题组未就绪不伪造；重复进入每日不随机换题；模拟无结论依据只示意。,结构映射，不是此旧动作已运行；精确实现以events.json与原型为准
daily-review,today,回到今日探索,navigate,daily,daily,跳到独立任务,本页上下文有效；设计台允许查看示例,,[],承载映射；目标存在不证明运行闭环。具体入口可就近复用，不按host强制绕行。,light-suite,light-suite,daily-review::today,导航收敛到同一任务/对象；原动作意图保留,"mode,factorId,daySetId,contentVersion,simulationId",沿原入口返回；正式作答仍使用同一个session与瓶子组件。,正式题组未就绪不伪造；重复进入每日不随机换题；模拟无结论依据只示意。,结构映射，不是此旧动作已运行；精确实现以events.json与原型为准
daily-review,observe,补充今天的观察,navigate,observation-edit,observation-edit,跳到独立任务,本页上下文有效；设计台允许查看示例,,"[""dailySelectionId""]",承载映射；目标存在不证明运行闭环。具体入口可就近复用，不按host强制绕行。,light-suite,journal,daily-review::observe,导航收敛到同一任务/对象；原动作意图保留,"mode,factorId,daySetId,contentVersion,simulationId",沿原入口返回；正式作答仍使用同一个session与瓶子组件。,正式题组未就绪不伪造；重复进入每日不随机换题；模拟无结论依据只示意。,结构映射，不是此旧动作已运行；精确实现以events.json与原型为准
daily-review,talk,选一段继续聊,navigate,assistant,assistant,跳到独立任务,本页上下文有效；设计台允许查看示例 进入说明或准备草稿不调用AI；任何新AI对话都必须已注册登录，并与AI分析共用每日额度。,,"[""selectedObservation"", ""pendingAiType=chat"", ""returnTo"", ""selectedSourceId"", ""selectedPassage"", ""confirmContextBeforeSend=true""]",承载映射；目标存在不证明运行闭环。具体入口可就近复用，不按host强制绕行。,light-suite,assistant,daily-review::talk,导航收敛到同一任务/对象；原动作意图保留,"mode,factorId,daySetId,contentVersion,simulationId",沿原入口返回；正式作答仍使用同一个session与瓶子组件。,正式题组未就绪不伪造；重复进入每日不随机换题；模拟无结论依据只示意。,结构映射，不是此旧动作已运行；精确实现以events.json与原型为准
daily-review,records,查看其他测评记录,navigate,records,records,跳到独立任务,本页上下文有效；设计台允许查看示例,,[],承载映射；目标存在不证明运行闭环。具体入口可就近复用，不按host强制绕行。,light-suite,records,daily-review::records,导航收敛到同一任务/对象；原动作意图保留,"mode,factorId,daySetId,contentVersion,simulationId",沿原入口返回；正式作答仍使用同一个session与瓶子组件。,正式题组未就绪不伪造；重复进入每日不随机换题；模拟无结论依据只示意。,结构映射，不是此旧动作已运行；精确实现以events.json与原型为准
light-intro,start,查看轻量示例说明,navigate,session-prepare,assessment-detail,原位展开/局部操作,本页上下文有效；设计台允许查看示例,,"[""mode=light""]",承载映射；目标存在不证明运行闭环。具体入口可就近复用，不按host强制绕行。,light-suite,assessment-detail,light-intro::start,导航收敛到同一任务/对象；原动作意图保留,"mode,factorId,daySetId,contentVersion,simulationId",沿原入口返回；正式作答仍使用同一个session与瓶子组件。,正式题组未就绪不伪造；重复进入每日不随机换题；模拟无结论依据只示意。,结构映射，不是此旧动作已运行；精确实现以events.json与原型为准
light-intro,source,看短题组依据,navigate,assessment-source,assessment-source,跳到独立任务,本页上下文有效；设计台允许查看示例,,[],承载映射；目标存在不证明运行闭环。具体入口可就近复用，不按host强制绕行。,light-suite,assessment-detail,light-intro::source,导航收敛到同一任务/对象；原动作意图保留,"mode,factorId,daySetId,contentVersion,simulationId",沿原入口返回；正式作答仍使用同一个session与瓶子组件。,正式题组未就绪不伪造；重复进入每日不随机换题；模拟无结论依据只示意。,结构映射，不是此旧动作已运行；精确实现以events.json与原型为准
light-intro,full,比较完整探索范围,navigate,assessment-detail,assessment-detail,跳到独立任务,本页上下文有效；设计台允许查看示例,,[],承载映射；目标存在不证明运行闭环。具体入口可就近复用，不按host强制绕行。,light-suite,assessment-detail,light-intro::full,导航收敛到同一任务/对象；原动作意图保留,"mode,factorId,daySetId,contentVersion,simulationId",沿原入口返回；正式作答仍使用同一个session与瓶子组件。,正式题组未就绪不伪造；重复进入每日不随机换题；模拟无结论依据只示意。,结构映射，不是此旧动作已运行；精确实现以events.json与原型为准
light-intro,single,只探索一个角度,navigate,single-factor-list,single-factor-list,跳到独立任务,本页上下文有效；设计台允许查看示例,,[],承载映射；目标存在不证明运行闭环。具体入口可就近复用，不按host强制绕行。,light-suite,light-suite,light-intro::single,导航收敛到同一任务/对象；原动作意图保留,"mode,factorId,daySetId,contentVersion,simulationId",沿原入口返回；正式作答仍使用同一个session与瓶子组件。,正式题组未就绪不伪造；重复进入每日不随机换题；模拟无结论依据只示意。,结构映射，不是此旧动作已运行；精确实现以events.json与原型为准
simulation,preview,看看这个组合,navigate,simulation-result,simulation,原位展开/局部操作,本页上下文有效；设计台允许查看示例,,"[""simulationConfig""]",承载映射；目标存在不证明运行闭环。具体入口可就近复用，不按host强制绕行。,light-suite,light-suite,simulation::preview,导航收敛到同一任务/对象；原动作意图保留,"mode,factorId,daySetId,contentVersion,simulationId",沿原入口返回；正式作答仍使用同一个session与瓶子组件。,正式题组未就绪不伪造；重复进入每日不随机换题；模拟无结论依据只示意。,结构映射，不是此旧动作已运行；精确实现以events.json与原型为准
simulation,preset,挑一个组合起点,navigate,simulation-presets,simulation,原位展开/局部操作,本页上下文有效；设计台允许查看示例,,[],承载映射；目标存在不证明运行闭环。具体入口可就近复用，不按host强制绕行。,light-suite,light-suite,simulation::preset,导航收敛到同一任务/对象；原动作意图保留,"mode,factorId,daySetId,contentVersion,simulationId",沿原入口返回；正式作答仍使用同一个session与瓶子组件。,正式题组未就绪不伪造；重复进入每日不随机换题；模拟无结论依据只示意。,结构映射，不是此旧动作已运行；精确实现以events.json与原型为准
simulation,random,随机来一点灵感,event,,simulation,保留事件/确认语义,当前输入符合本页说明,randomize_simulation,[],承载映射；目标存在不证明运行闭环。具体入口可就近复用，不按host强制绕行。,light-suite,,simulation::random,保持动作语义，采用新版任务状态契约,"mode,factorId,daySetId,contentVersion,simulationId",沿原入口返回；正式作答仍使用同一个session与瓶子组件。,正式题组未就绪不伪造；重复进入每日不随机换题；模拟无结论依据只示意。,结构映射，不是此旧动作已运行；精确实现以events.json与原型为准
simulation,reset,回到中间位置,event,,simulation,保留事件/确认语义,当前输入符合本页说明,reset_simulation,[],承载映射；目标存在不证明运行闭环。具体入口可就近复用，不按host强制绕行。,light-suite,,simulation::reset,保持动作语义，采用新版任务状态契约,"mode,factorId,daySetId,contentVersion,simulationId",沿原入口返回；正式作答仍使用同一个session与瓶子组件。,正式题组未就绪不伪造；重复进入每日不随机换题；模拟无结论依据只示意。,结构映射，不是此旧动作已运行；精确实现以events.json与原型为准
simulation-presets,apply,应用到模拟编辑,event,,simulation,保留事件/确认语义,已选预设；若会覆盖本人已调整的假设，先确认，取消保留原配置,apply_simulation_preset,"[""simulationPreset"", ""replaceEditedConfigAfterConfirm=true"", ""returnTo=simulation""]",承载映射；目标存在不证明运行闭环。具体入口可就近复用，不按host强制绕行。,light-suite,,simulation-presets::apply,保持动作语义，采用新版任务状态契约,"mode,factorId,daySetId,contentVersion,simulationId",沿原入口返回；正式作答仍使用同一个session与瓶子组件。,正式题组未就绪不伪造；重复进入每日不随机换题；模拟无结论依据只示意。,结构映射，不是此旧动作已运行；精确实现以events.json与原型为准
simulation-presets,editor,回到模拟编辑,navigate,simulation,simulation,跳到独立任务,本页上下文有效；设计台允许查看示例,,[],承载映射；目标存在不证明运行闭环。具体入口可就近复用，不按host强制绕行。,light-suite,light-suite,simulation-presets::editor,导航收敛到同一任务/对象；原动作意图保留,"mode,factorId,daySetId,contentVersion,simulationId",沿原入口返回；正式作答仍使用同一个session与瓶子组件。,正式题组未就绪不伪造；重复进入每日不随机换题；模拟无结论依据只示意。,结构映射，不是此旧动作已运行；精确实现以events.json与原型为准
simulation-presets,meaning,先了解因子概念,navigate,personality-guide,explore,原位展开/局部操作,本页上下文有效；设计台允许查看示例,,[],承载映射；目标存在不证明运行闭环。具体入口可就近复用，不按host强制绕行。,light-suite,article,simulation-presets::meaning,导航收敛到同一任务/对象；原动作意图保留,"mode,factorId,daySetId,contentVersion,simulationId",沿原入口返回；正式作答仍使用同一个session与瓶子组件。,正式题组未就绪不伪造；重复进入每日不随机换题；模拟无结论依据只示意。,结构映射，不是此旧动作已运行；精确实现以events.json与原型为准
simulation-result,edit,再调一调,navigate,simulation,simulation,跳到独立任务,本页上下文有效；设计台允许查看示例,,[],承载映射；目标存在不证明运行闭环。具体入口可就近复用，不按host强制绕行。,light-suite,light-suite,simulation-result::edit,导航收敛到同一任务/对象；原动作意图保留,"mode,factorId,daySetId,contentVersion,simulationId",沿原入口返回；正式作答仍使用同一个session与瓶子组件。,正式题组未就绪不伪造；重复进入每日不随机换题；模拟无结论依据只示意。,结构映射，不是此旧动作已运行；精确实现以events.json与原型为准
simulation-result,save,保存模拟组合示例,event,,simulation,保留事件/确认语义,当前输入符合本页说明,save_simulation_demo,[],承载映射；目标存在不证明运行闭环。具体入口可就近复用，不按host强制绕行。,light-suite,,simulation-result::save,保持动作语义，采用新版任务状态契约,"mode,factorId,daySetId,contentVersion,simulationId",沿原入口返回；正式作答仍使用同一个session与瓶子组件。,正式题组未就绪不伪造；重复进入每日不随机换题；模拟无结论依据只示意。,结构映射，不是此旧动作已运行；精确实现以events.json与原型为准
simulation-result,talk,聊聊这个假设,navigate,assistant,assistant,跳到独立任务,本页上下文有效；设计台允许查看示例 进入说明或准备草稿不调用AI；任何新AI对话都必须已注册登录，并与AI分析共用每日额度。,,"[""simulationContext"", ""isHypothetical=true"", ""pendingAiType=chat"", ""returnTo""]",承载映射；目标存在不证明运行闭环。具体入口可就近复用，不按host强制绕行。,light-suite,assistant,simulation-result::talk,导航收敛到同一任务/对象；原动作意图保留,"mode,factorId,daySetId,contentVersion,simulationId",沿原入口返回；正式作答仍使用同一个session与瓶子组件。,正式题组未就绪不伪造；重复进入每日不随机换题；模拟无结论依据只示意。,结构映射，不是此旧动作已运行；精确实现以events.json与原型为准
simulation-result,real,了解真实探索入口,navigate,assessment-detail,assessment-detail,跳到独立任务,本页上下文有效；设计台允许查看示例,,[],承载映射；目标存在不证明运行闭环。具体入口可就近复用，不按host强制绕行。,light-suite,assessment-detail,simulation-result::real,导航收敛到同一任务/对象；原动作意图保留,"mode,factorId,daySetId,contentVersion,simulationId",沿原入口返回；正式作答仍使用同一个session与瓶子组件。,正式题组未就绪不伪造；重复进入每日不随机换题；模拟无结论依据只示意。,结构映射，不是此旧动作已运行；精确实现以events.json与原型为准
assessment-favorites,open,查看选中题组,navigate,assessment-detail,assessment-detail,跳到独立任务,本页上下文有效；设计台允许查看示例,,"[""assessmentId""]",承载映射；目标存在不证明运行闭环。具体入口可就近复用，不按host强制绕行。,explore,assessment-detail,assessment-favorites::open,导航收敛到同一任务/对象；原动作意图保留,"topicId,filters,searchQuery",从专题回来保留筛选、关键词及位置。,无结果给清空条件；专题未上线给可做的观察而非假测评。,结构映射，不是此旧动作已运行；精确实现以events.json与原型为准
assessment-favorites,remove,移除本次收藏,event,,explore,保留事件/确认语义,当前输入符合本页说明,toggle_assessment_favorite,[],承载映射；目标存在不证明运行闭环。具体入口可就近复用，不按host强制绕行。,explore,,assessment-favorites::remove,保持动作语义，采用新版任务状态契约,"topicId,filters,searchQuery",从专题回来保留筛选、关键词及位置。,无结果给清空条件；专题未上线给可做的观察而非假测评。,结构映射，不是此旧动作已运行；精确实现以events.json与原型为准
assessment-favorites,explore,继续寻找题组,navigate,explore,explore,跳到独立任务,本页上下文有效；设计台允许查看示例,,[],承载映射；目标存在不证明运行闭环。具体入口可就近复用，不按host强制绕行。,explore,explore,assessment-favorites::explore,导航收敛到同一任务/对象；原动作意图保留,"topicId,filters,searchQuery",从专题回来保留筛选、关键词及位置。,无结果给清空条件；专题未上线给可做的观察而非假测评。,结构映射，不是此旧动作已运行；精确实现以events.json与原型为准
personality-guide,article,阅读一篇说明,navigate,knowledge-detail,knowledge-detail,跳到独立任务,本页上下文有效；设计台允许查看示例,,"[""articleId""]",承载映射；目标存在不证明运行闭环。具体入口可就近复用，不按host强制绕行。,article,article,personality-guide::article,导航收敛到同一任务/对象；原动作意图保留,"articleId,articleVersion,sectionId,excerpt",回原阅读位置；提问只进入草稿，不自动发送。,文章撤回可标记旧引用不可新用；选段为空要明确提示。,结构映射，不是此旧动作已运行；精确实现以events.json与原型为准
personality-guide,factor,逐个了解16因子,navigate,single-factor-list,single-factor-list,跳到独立任务,本页上下文有效；设计台允许查看示例,,[],承载映射；目标存在不证明运行闭环。具体入口可就近复用，不按host强制绕行。,article,light-suite,personality-guide::factor,导航收敛到同一任务/对象；原动作意图保留,"articleId,articleVersion,sectionId,excerpt",回原阅读位置；提问只进入草稿，不自动发送。,文章撤回可标记旧引用不可新用；选段为空要明确提示。,结构映射，不是此旧动作已运行；精确实现以events.json与原型为准
personality-guide,talk,把不明白的地方问助理,navigate,assistant,assistant,跳到独立任务,本页上下文有效；设计台允许查看示例 进入说明或准备草稿不调用AI；任何新AI对话都必须已注册登录，并与AI分析共用每日额度。,,"[""pendingAiType=chat"", ""returnTo""]",承载映射；目标存在不证明运行闭环。具体入口可就近复用，不按host强制绕行。,article,assistant,personality-guide::talk,导航收敛到同一任务/对象；原动作意图保留,"articleId,articleVersion,sectionId,excerpt",回原阅读位置；提问只进入草稿，不自动发送。,文章撤回可标记旧引用不可新用；选段为空要明确提示。,结构映射，不是此旧动作已运行；精确实现以events.json与原型为准
exploration-perspectives,find,查看适用内容,navigate,assessment-search,explore,同一承载内切换模式,本页上下文有效；设计台允许查看示例,,"[""perspective"", ""lifeStage""]",承载映射；目标存在不证明运行闭环。具体入口可就近复用，不按host强制绕行。,article,explore,exploration-perspectives::find,导航收敛到同一任务/对象；原动作意图保留,"articleId,articleVersion,sectionId,excerpt",回原阅读位置；提问只进入草稿，不自动发送。,文章撤回可标记旧引用不可新用；选段为空要明确提示。,结构映射，不是此旧动作已运行；精确实现以events.json与原型为准
exploration-perspectives,talk,从一个真实经历开始聊,navigate,assistant,assistant,跳到独立任务,本页上下文有效；设计台允许查看示例 进入说明或准备草稿不调用AI；任何新AI对话都必须已注册登录，并与AI分析共用每日额度。,,"[""perspective"", ""pendingAiType=chat"", ""returnTo""]",承载映射；目标存在不证明运行闭环。具体入口可就近复用，不按host强制绕行。,article,assistant,exploration-perspectives::talk,导航收敛到同一任务/对象；原动作意图保留,"articleId,articleVersion,sectionId,excerpt",回原阅读位置；提问只进入草稿，不自动发送。,文章撤回可标记旧引用不可新用；选段为空要明确提示。,结构映射，不是此旧动作已运行；精确实现以events.json与原型为准
exploration-perspectives,portrait,看看已有的个人认识,navigate,my-portrait,my-portrait,跳到独立任务,本页上下文有效；设计台允许查看示例,,[],承载映射；目标存在不证明运行闭环。具体入口可就近复用，不按host强制绕行。,article,portrait,exploration-perspectives::portrait,导航收敛到同一任务/对象；原动作意图保留,"articleId,articleVersion,sectionId,excerpt",回原阅读位置；提问只进入草稿，不自动发送。,文章撤回可标记旧引用不可新用；选段为空要明确提示。,结构映射，不是此旧动作已运行；精确实现以events.json与原型为准
exploration-perspectives,guide,先读懂这些概念,navigate,personality-guide,explore,原位展开/局部操作,本页上下文有效；设计台允许查看示例,,[],承载映射；目标存在不证明运行闭环。具体入口可就近复用，不按host强制绕行。,article,article,exploration-perspectives::guide,导航收敛到同一任务/对象；原动作意图保留,"articleId,articleVersion,sectionId,excerpt",回原阅读位置；提问只进入草稿，不自动发送。,文章撤回可标记旧引用不可新用；选段为空要明确提示。,结构映射，不是此旧动作已运行；精确实现以events.json与原型为准
decision-context,save,保留这次问题草稿,event,,decision-context,保留事件/确认语义,当前输入符合本页说明,save_decision_context,[],承载映射；目标存在不证明运行闭环。具体入口可就近复用，不按host强制绕行。,journal,,decision-context::save,保持动作语义，采用新版任务状态契约,"noteId,revision,contextType,sourceRef?",保存回原记录集合；不自动外发、不自动变记忆。,失败保持当前输入；删除后引用失效；导出副本无法撤回。,结构映射，不是此旧动作已运行；精确实现以events.json与原型为准
decision-context,find,按这个问题寻找题组,navigate,assessment-search,explore,同一承载内切换模式,本页上下文有效；设计台允许查看示例,,"[""scene"", ""decisionQuestion"", ""lifeStage""]",承载映射；目标存在不证明运行闭环。具体入口可就近复用，不按host强制绕行。,journal,explore,decision-context::find,导航收敛到同一任务/对象；原动作意图保留,"noteId,revision,contextType,sourceRef?",保存回原记录集合；不自动外发、不自动变记忆。,失败保持当前输入；删除后引用失效；导出副本无法撤回。,结构映射，不是此旧动作已运行；精确实现以events.json与原型为准
decision-context,discuss,选择要带给助理的内容,navigate,context-select,context-select,单一当前来源显示可移除引用卡；增减多来源才进入完整选择,本页上下文有效；设计台允许查看示例,,"[""decisionContextDraft""]",选择资料本身不请求AI；保留草稿和可取消返回。,journal,context,decision-context::discuss,导航收敛到同一任务/对象；原动作意图保留,"noteId,revision,contextType,sourceRef?",保存回原记录集合；不自动外发、不自动变记忆。,失败保持当前输入；删除后引用失效；导出副本无法撤回。,结构映射，不是此旧动作已运行；精确实现以events.json与原型为准
decision-context,detail,回到题组说明,navigate,assessment-detail,assessment-detail,跳到独立任务,本页上下文有效；设计台允许查看示例,,[],承载映射；目标存在不证明运行闭环。具体入口可就近复用，不按host强制绕行。,journal,assessment-detail,decision-context::detail,导航收敛到同一任务/对象；原动作意图保留,"noteId,revision,contextType,sourceRef?",保存回原记录集合；不自动外发、不自动变记忆。,失败保持当前输入；删除后引用失效；导出副本无法撤回。,结构映射，不是此旧动作已运行；精确实现以events.json与原型为准
session-checkin,save,保存这次感受示例,event,,assessment-detail,保留事件/确认语义,当前输入符合本页说明,save_session_checkin,"[""stage"", ""sessionId"", ""resultId"", ""returnTo""]",承载映射；目标存在不证明运行闭环。具体入口可就近复用，不按host强制绕行。,journal,,session-checkin::save,保持动作语义，采用新版任务状态契约,"noteId,revision,contextType,sourceRef?",保存回原记录集合；不自动外发、不自动变记忆。,失败保持当前输入；删除后引用失效；导出副本无法撤回。,结构映射，不是此旧动作已运行；精确实现以events.json与原型为准
session-checkin,continue,回到开始说明,navigate,session-prepare,assessment-detail,原位展开/局部操作,从开始前进入；沿原sessionId返回准备，不另开草稿,,"[""sessionId""]",承载映射；目标存在不证明运行闭环。具体入口可就近复用，不按host强制绕行。,journal,assessment-detail,session-checkin::continue,导航收敛到同一任务/对象；原动作意图保留,"noteId,revision,contextType,sourceRef?",保存回原记录集合；不自动外发、不自动变记忆。,失败保持当前输入；删除后引用失效；导出副本无法撤回。,结构映射，不是此旧动作已运行；精确实现以events.json与原型为准
session-checkin,report,回到这份报告,navigate,report,report,跳到独立任务,从报告后进入；沿原resultId返回报告,,"[""resultId""]",承载映射；目标存在不证明运行闭环。具体入口可就近复用，不按host强制绕行。,journal,report,session-checkin::report,导航收敛到同一任务/对象；原动作意图保留,"noteId,revision,contextType,sourceRef?",保存回原记录集合；不自动外发、不自动变记忆。,失败保持当前输入；删除后引用失效；导出副本无法撤回。,结构映射，不是此旧动作已运行；精确实现以events.json与原型为准
session-checkin,talk,选择这些感受继续聊,navigate,context-select,context-select,单一当前来源显示可移除引用卡；增减多来源才进入完整选择,本页上下文有效；设计台允许查看示例,,"[""checkinDraft""]",选择资料本身不请求AI；保留草稿和可取消返回。,journal,context,session-checkin::talk,导航收敛到同一任务/对象；原动作意图保留,"noteId,revision,contextType,sourceRef?",保存回原记录集合；不自动外发、不自动变记忆。,失败保持当前输入；删除后引用失效；导出副本无法撤回。,结构映射，不是此旧动作已运行；精确实现以events.json与原型为准
knowledge-detail,ask,针对这段问助理,navigate,assistant,conversation-detail,选择片段→展示引用草稿→本人发送,本页上下文有效；设计台允许查看示例 进入说明或准备草稿不调用AI；任何新AI对话都必须已注册登录，并与AI分析共用每日额度。,,"[""articleId"", ""selectedPassage"", ""pendingAiType=chat"", ""returnTo"", ""selectedSourceId"", ""confirmContextBeforeSend=true""]",不把空白助理当完成；登录/额度拦截后保留引用和草稿。,article,assistant,knowledge-detail::ask,导航收敛到同一任务/对象；原动作意图保留,"articleId,articleVersion,sectionId,excerpt",回原阅读位置；提问只进入草稿，不自动发送。,文章撤回可标记旧引用不可新用；选段为空要明确提示。,结构映射，不是此旧动作已运行；精确实现以events.json与原型为准
knowledge-detail,source,了解测评依据,navigate,assessment-source,assessment-source,跳到独立任务,本页上下文有效；设计台允许查看示例,,[],承载映射；目标存在不证明运行闭环。具体入口可就近复用，不按host强制绕行。,article,assessment-detail,knowledge-detail::source,导航收敛到同一任务/对象；原动作意图保留,"articleId,articleVersion,sectionId,excerpt",回原阅读位置；提问只进入草稿，不自动发送。,文章撤回可标记旧引用不可新用；选段为空要明确提示。,结构映射，不是此旧动作已运行；精确实现以events.json与原型为准
knowledge-detail,list,返回概念目录,navigate,personality-guide,explore,原位展开/局部操作,本页上下文有效；设计台允许查看示例,,[],承载映射；目标存在不证明运行闭环。具体入口可就近复用，不按host强制绕行。,article,article,knowledge-detail::list,导航收敛到同一任务/对象；原动作意图保留,"articleId,articleVersion,sectionId,excerpt",回原阅读位置；提问只进入草稿，不自动发送。,文章撤回可标记旧引用不可新用；选段为空要明确提示。,结构映射，不是此旧动作已运行；精确实现以events.json与原型为准
assistant,recent-chats,过去聊过的,navigate,conversation-list,conversation-list,跳到独立任务,目标记录属于当前个人空间；无记录时进入对应空态。,,"[""returnTo""]",承载映射；目标存在不证明运行闭环。具体入口可就近复用，不按host强制绕行。,assistant,conversations,assistant::recent-chats,导航收敛到同一任务/对象；原动作意图保留,"spaceId,accountId?,draftId,sourceRefs",进入认证/会员后回同一草稿，不自动发AI。,未登录0次；登录免费分析+聊天合计10/日；不足保留草稿。,结构映射，不是此旧动作已运行；精确实现以events.json与原型为准
assistant,choose-context,选择本次依据,navigate,context-select,context-select,单一当前来源显示可移除引用卡；增减多来源才进入完整选择,目标记录属于当前个人空间；无记录时进入对应空态。,,"[""returnTo""]",选择资料本身不请求AI；保留草稿和可取消返回。,assistant,context,assistant::choose-context,导航收敛到同一任务/对象；原动作意图保留,"spaceId,accountId?,draftId,sourceRefs",进入认证/会员后回同一草稿，不自动发AI。,未登录0次；登录免费分析+聊天合计10/日；不足保留草稿。,结构映射，不是此旧动作已运行；精确实现以events.json与原型为准
assistant,quota,查看次数,navigate,ai-quota,assistant,原位展开/局部操作,目标记录属于当前个人空间；无记录时进入对应空态。,,"[""returnTo""]",承载映射；目标存在不证明运行闭环。具体入口可就近复用，不按host强制绕行。,assistant,usage,assistant::quota,导航收敛到同一任务/对象；原动作意图保留,"spaceId,accountId?,draftId,sourceRefs",进入认证/会员后回同一草稿，不自动发AI。,未登录0次；登录免费分析+聊天合计10/日；不足保留草稿。,结构映射，不是此旧动作已运行；精确实现以events.json与原型为准
assistant,portrait,看看我的认识,navigate,my-portrait,my-portrait,跳到独立任务,目标记录属于当前个人空间；无记录时进入对应空态。,,"[""returnTo""]",承载映射；目标存在不证明运行闭环。具体入口可就近复用，不按host强制绕行。,assistant,portrait,assistant::portrait,导航收敛到同一任务/对象；原动作意图保留,"spaceId,accountId?,draftId,sourceRefs",进入认证/会员后回同一草稿，不自动发AI。,未登录0次；登录免费分析+聊天合计10/日；不足保留草稿。,结构映射，不是此旧动作已运行；精确实现以events.json与原型为准
assistant,spaces,持续关心的问题,navigate,life-space-list,life-space-list,跳到独立任务,目标记录属于当前个人空间；无记录时进入对应空态。,,"[""returnTo""]",承载映射；目标存在不证明运行闭环。具体入口可就近复用，不按host强制绕行。,assistant,life-spaces,assistant::spaces,导航收敛到同一任务/对象；原动作意图保留,"spaceId,accountId?,draftId,sourceRefs",进入认证/会员后回同一草稿，不自动发AI。,未登录0次；登录免费分析+聊天合计10/日；不足保留草稿。,结构映射，不是此旧动作已运行；精确实现以events.json与原型为准
assistant,preferences,助理偏好,event,ai-settings,settings,原位展开/局部操作,目标记录属于当前个人空间；无记录时进入对应空态。,open_inline,"[""returnTo""]",承载映射；目标存在不证明运行闭环。具体入口可就近复用，不按host强制绕行。,assistant,settings,assistant::preferences,保持动作语义，采用新版任务状态契约,"spaceId,accountId?,draftId,sourceRefs",进入认证/会员后回同一草稿，不自动发AI。,未登录0次；登录免费分析+聊天合计10/日；不足保留草稿。,结构映射，不是此旧动作已运行；精确实现以events.json与原型为准
assistant,login-ai,注册或登录后继续,navigate,login,login,跳到独立任务,目标记录属于当前个人空间；无记录时进入对应空态。,,"[""pendingAiType"", ""taskId"", ""requestId"", ""analysisSourceType"", ""resultId"", ""portraitRevision"", ""selectedSourceIds"", ""analysisFocus"", ""conversationId"", ""draft"", ""contextView"", ""contextSnapshot"", ""returnTo""]",承载映射；目标存在不证明运行闭环。具体入口可就近复用，不按host强制绕行。,assistant,auth,assistant::login-ai,导航收敛到同一任务/对象；原动作意图保留,"spaceId,accountId?,draftId,sourceRefs",进入认证/会员后回同一草稿，不自动发AI。,未登录0次；登录免费分析+聊天合计10/日；不足保留草稿。,结构映射，不是此旧动作已运行；精确实现以events.json与原型为准
assistant,ai-help,AI暂不可用的说明,navigate,help,help,跳到独立任务,目标记录属于当前个人空间；无记录时进入对应空态。,,"[""reason=ai-access"", ""requestId"", ""taskId"", ""returnTo""]",承载映射；目标存在不证明运行闭环。具体入口可就近复用，不按host强制绕行。,assistant,support,assistant::ai-help,导航收敛到同一任务/对象；原动作意图保留,"spaceId,accountId?,draftId,sourceRefs",进入认证/会员后回同一草稿，不自动发AI。,未登录0次；登录免费分析+聊天合计10/日；不足保留草稿。,结构映射，不是此旧动作已运行；精确实现以events.json与原型为准
assistant,refresh-access,重新检查AI可用状态,event,,assistant,保留事件/确认语义,本人操作；仅变更当前设计预览中的示例状态。,refresh_ai_access,"[""pendingAiType"", ""taskId"", ""requestId"", ""analysisSourceType"", ""resultId"", ""portraitRevision"", ""selectedSourceIds"", ""analysisFocus"", ""conversationId"", ""draft"", ""contextView"", ""contextSnapshot"", ""returnTo""]",承载映射；目标存在不证明运行闭环。具体入口可就近复用，不按host强制绕行。,assistant,,assistant::refresh-access,保持动作语义，采用新版任务状态契约,"spaceId,accountId?,draftId,sourceRefs",进入认证/会员后回同一草稿，不自动发AI。,未登录0次；登录免费分析+聊天合计10/日；不足保留草稿。,结构映射，不是此旧动作已运行；精确实现以events.json与原型为准
conversation-list,search,查找会话,event,,conversation-list,保留事件/确认语义,本人操作；仅变更当前设计预览中的示例状态。,search_conversations,"[""query"", ""filter""]",承载映射；目标存在不证明运行闭环。具体入口可就近复用，不按host强制绕行。,conversations,,conversation-list::search,保持动作语义，采用新版任务状态契约,"accountId,conversationId",回列表原位置；新话题需明确创建新对象。,对象不属于当前空间/不存在/已删分别处理。,结构映射，不是此旧动作已运行；精确实现以events.json与原型为准
conversation-list,open,打开示例会话,navigate,conversation-detail,conversation-detail,跳到独立任务,目标记录属于当前个人空间；无记录时进入对应空态。 阅读本人有权访问的已存记录不请求AI；新对话或新回复须注册登录，且与AI分析共用额度。,,"[""conversationId"", ""personId"", ""returnTo""]",承载映射；目标存在不证明运行闭环。具体入口可就近复用，不按host强制绕行。,conversations,conversation,conversation-list::open,导航收敛到同一任务/对象；原动作意图保留,"accountId,conversationId",回列表原位置；新话题需明确创建新对象。,对象不属于当前空间/不存在/已删分别处理。,结构映射，不是此旧动作已运行；精确实现以events.json与原型为准
conversation-list,new,开始新对话,navigate,assistant,assistant,跳到独立任务,目标记录属于当前个人空间；无记录时进入对应空态。,,"[""returnTo""]",承载映射；目标存在不证明运行闭环。具体入口可就近复用，不按host强制绕行。,conversations,assistant,conversation-list::new,导航收敛到同一任务/对象；原动作意图保留,"accountId,conversationId",回列表原位置；新话题需明确创建新对象。,对象不属于当前空间/不存在/已删分别处理。,结构映射，不是此旧动作已运行；精确实现以events.json与原型为准
conversation-list,clear-filter,清除筛选,event,,conversation-list,保留事件/确认语义,本人操作；仅变更当前设计预览中的示例状态。,clear_conversation_filter,[],承载映射；目标存在不证明运行闭环。具体入口可就近复用，不按host强制绕行。,conversations,,conversation-list::clear-filter,保持动作语义，采用新版任务状态契约,"accountId,conversationId",回列表原位置；新话题需明确创建新对象。,对象不属于当前空间/不存在/已删分别处理。,结构映射，不是此旧动作已运行；精确实现以events.json与原型为准
conversation-detail,send,发送,event,,conversation-detail,保留事件/确认语义,已注册且已登录，账户允许使用AI；内容非空，未重复发送；模型服务可用且分析与对话共用额度足够。,send_message,"[""conversationId"", ""message"", ""contextSelection"", ""rememberMode"", ""requestId""]",承载映射；目标存在不证明运行闭环。具体入口可就近复用，不按host强制绕行。,conversation,,conversation-detail::send,保持动作语义，采用新版任务状态契约,"conversationId,messageId,requestId,accountId,sourceSnapshotId",离开保留草稿；历史不重算、不重新扣次；返回原对话。,停止/超时/认证过期/切账号/引用撤回；查询原请求，禁止无限重发。,结构映射，不是此旧动作已运行；精确实现以events.json与原型为准
conversation-detail,stop,停止这次回复,event,,conversation-detail,保留事件/确认语义,当前确有生成中的回复。,stop_reply,"[""requestId""]",承载映射；目标存在不证明运行闭环。具体入口可就近复用，不按host强制绕行。,conversation,,conversation-detail::stop,保持动作语义，采用新版任务状态契约,"conversationId,messageId,requestId,accountId,sourceSnapshotId",离开保留草稿；历史不重算、不重新扣次；返回原对话。,停止/超时/认证过期/切账号/引用撤回；查询原请求，禁止无限重发。,结构映射，不是此旧动作已运行；精确实现以events.json与原型为准
conversation-detail,retry,查询并恢复这次回复,event,,conversation-detail,保留事件/确认语义,本人有权读取原requestId；联网核对需同一登录账号，已缓存结果按本地权限读取。不要求有新的AI生成额度，不因模型维护阻止读取已有结果。,retry_message,"[""requestId"", ""conversationId""]",承载映射；目标存在不证明运行闭环。具体入口可就近复用，不按host强制绕行。,conversation,,conversation-detail::retry,保持动作语义，采用新版任务状态契约,"conversationId,messageId,requestId,accountId,sourceSnapshotId",离开保留草稿；历史不重算、不重新扣次；返回原对话。,停止/超时/认证过期/切账号/引用撤回；查询原请求，禁止无限重发。,结构映射，不是此旧动作已运行；精确实现以events.json与原型为准
conversation-detail,context,本次用了哪些依据,navigate,context-select,context-select,单一当前来源显示可移除引用卡；增减多来源才进入完整选择,目标记录属于当前个人空间；无记录时进入对应空态。,,"[""conversationId"", ""contextSelection"", ""draft"", ""returnTo""]",选择资料本身不请求AI；保留草稿和可取消返回。,conversation,context,conversation-detail::context,导航收敛到同一任务/对象；原动作意图保留,"conversationId,messageId,requestId,accountId,sourceSnapshotId",离开保留草稿；历史不重算、不重新扣次；返回原对话。,停止/超时/认证过期/切账号/引用撤回；查询原请求，禁止无限重发。,结构映射，不是此旧动作已运行；精确实现以events.json与原型为准
conversation-detail,candidates,看看建议记住的,navigate,memory-inbox,memory-list,同一承载内切换模式,目标记录属于当前个人空间；无记录时进入对应空态。,,"[""conversationId"", ""messageId"", ""returnTo""]",承载映射；目标存在不证明运行闭环。具体入口可就近复用，不按host强制绕行。,conversation,memories,conversation-detail::candidates,导航收敛到同一任务/对象；原动作意图保留,"conversationId,messageId,requestId,accountId,sourceSnapshotId",离开保留草稿；历史不重算、不重新扣次；返回原对话。,停止/超时/认证过期/切账号/引用撤回；查询原请求，禁止无限重发。,结构映射，不是此旧动作已运行；精确实现以events.json与原型为准
conversation-detail,action,把想法变成行动,navigate,action-edit,action-edit,跳到独立任务,目标记录属于当前个人空间；无记录时进入对应空态。,,"[""conversationId"", ""messageId"", ""returnTo""]",承载映射；目标存在不证明运行闭环。具体入口可就近复用，不按host强制绕行。,conversation,actions,conversation-detail::action,导航收敛到同一任务/对象；原动作意图保留,"conversationId,messageId,requestId,accountId,sourceSnapshotId",离开保留草稿；历史不重算、不重新扣次；返回原对话。,停止/超时/认证过期/切账号/引用撤回；查询原请求，禁止无限重发。,结构映射，不是此旧动作已运行；精确实现以events.json与原型为准
conversation-detail,quota,查看次数与会员,navigate,ai-quota,assistant,原位展开/局部操作,目标记录属于当前个人空间；无记录时进入对应空态。,,"[""conversationId"", ""draft"", ""returnTo""]",承载映射；目标存在不证明运行闭环。具体入口可就近复用，不按host强制绕行。,conversation,usage,conversation-detail::quota,导航收敛到同一任务/对象；原动作意图保留,"conversationId,messageId,requestId,accountId,sourceSnapshotId",离开保留草稿；历史不重算、不重新扣次；返回原对话。,停止/超时/认证过期/切账号/引用撤回；查询原请求，禁止无限重发。,结构映射，不是此旧动作已运行；精确实现以events.json与原型为准
conversation-detail,options,这段对话的设置,event,conversation-settings,conversation-detail,原位展开/局部操作,目标记录属于当前个人空间；无记录时进入对应空态。,open_inline,"[""conversationId"", ""returnTo""]",承载映射；目标存在不证明运行闭环。具体入口可就近复用，不按host强制绕行。,conversation,conversation,conversation-detail::options,保持动作语义，采用新版任务状态契约,"conversationId,messageId,requestId,accountId,sourceSnapshotId",离开保留草稿；历史不重算、不重新扣次；返回原对话。,停止/超时/认证过期/切账号/引用撤回；查询原请求，禁止无限重发。,结构映射，不是此旧动作已运行；精确实现以events.json与原型为准
conversation-detail,login-ai,注册或登录后继续,navigate,login,login,跳到独立任务,目标记录属于当前个人空间；无记录时进入对应空态。,,"[""pendingAiType"", ""taskId"", ""requestId"", ""analysisSourceType"", ""resultId"", ""portraitRevision"", ""selectedSourceIds"", ""analysisFocus"", ""conversationId"", ""draft"", ""contextView"", ""contextSnapshot"", ""returnTo""]",承载映射；目标存在不证明运行闭环。具体入口可就近复用，不按host强制绕行。,conversation,auth,conversation-detail::login-ai,导航收敛到同一任务/对象；原动作意图保留,"conversationId,messageId,requestId,accountId,sourceSnapshotId",离开保留草稿；历史不重算、不重新扣次；返回原对话。,停止/超时/认证过期/切账号/引用撤回；查询原请求，禁止无限重发。,结构映射，不是此旧动作已运行；精确实现以events.json与原型为准
conversation-detail,ai-help,AI暂不可用的说明,navigate,help,help,跳到独立任务,目标记录属于当前个人空间；无记录时进入对应空态。,,"[""reason=ai-access"", ""requestId"", ""taskId"", ""returnTo""]",承载映射；目标存在不证明运行闭环。具体入口可就近复用，不按host强制绕行。,conversation,support,conversation-detail::ai-help,导航收敛到同一任务/对象；原动作意图保留,"conversationId,messageId,requestId,accountId,sourceSnapshotId",离开保留草稿；历史不重算、不重新扣次；返回原对话。,停止/超时/认证过期/切账号/引用撤回；查询原请求，禁止无限重发。,结构映射，不是此旧动作已运行；精确实现以events.json与原型为准
conversation-detail,refresh-access,重新检查AI可用状态,event,,conversation-detail,保留事件/确认语义,本人操作；仅变更当前设计预览中的示例状态。,refresh_ai_access,"[""pendingAiType"", ""taskId"", ""requestId"", ""analysisSourceType"", ""resultId"", ""portraitRevision"", ""selectedSourceIds"", ""analysisFocus"", ""conversationId"", ""draft"", ""contextView"", ""contextSnapshot"", ""returnTo""]",承载映射；目标存在不证明运行闭环。具体入口可就近复用，不按host强制绕行。,conversation,,conversation-detail::refresh-access,保持动作语义，采用新版任务状态契约,"conversationId,messageId,requestId,accountId,sourceSnapshotId",离开保留草稿；历史不重算、不重新扣次；返回原对话。,停止/超时/认证过期/切账号/引用撤回；查询原请求，禁止无限重发。,结构映射，不是此旧动作已运行；精确实现以events.json与原型为准
conversation-settings,save,保存设置,event,,conversation-detail,保留事件/确认语义,本人操作；仅变更当前设计预览中的示例状态。,save_conversation_settings,"[""conversationId"", ""conversationTitle"", ""keepConversation""]",承载映射；目标存在不证明运行闭环。具体入口可就近复用，不按host强制绕行。,conversation,,conversation-settings::save,保持动作语义，采用新版任务状态契约,"conversationId,messageId,requestId,accountId,sourceSnapshotId",离开保留草稿；历史不重算、不重新扣次；返回原对话。,停止/超时/认证过期/切账号/引用撤回；查询原请求，禁止无限重发。,结构映射，不是此旧动作已运行；精确实现以events.json与原型为准
conversation-settings,related-memory,检查关联记忆,navigate,memory-list,memory-list,跳到独立任务,目标记录属于当前个人空间；无记录时进入对应空态。,,"[""sourceConversationId"", ""returnTo""]",承载映射；目标存在不证明运行闭环。具体入口可就近复用，不按host强制绕行。,conversation,memories,conversation-settings::related-memory,导航收敛到同一任务/对象；原动作意图保留,"conversationId,messageId,requestId,accountId,sourceSnapshotId",离开保留草稿；历史不重算、不重新扣次；返回原对话。,停止/超时/认证过期/切账号/引用撤回；查询原请求，禁止无限重发。,结构映射，不是此旧动作已运行；精确实现以events.json与原型为准
conversation-settings,delete,删除这段对话,dialog,,conversation-detail,保留事件/确认语义,选中的本人会话；若有进行中请求，先确认继续等待或停止，不把删除本机正文当作撤回已发请求。,clear_conversation,"[""conversationId"", ""relatedMemoryIds"", ""deleteScope=current-conversation-body""]",承载映射；目标存在不证明运行闭环。具体入口可就近复用，不按host强制绕行。,conversation,,conversation-settings::delete,保持动作语义，采用新版任务状态契约,"conversationId,messageId,requestId,accountId,sourceSnapshotId",离开保留草稿；历史不重算、不重新扣次；返回原对话。,停止/超时/认证过期/切账号/引用撤回；查询原请求，禁止无限重发。,结构映射，不是此旧动作已运行；精确实现以events.json与原型为准
conversation-settings,back-chat,回到这段对话,navigate,conversation-detail,conversation-detail,跳到独立任务,目标记录属于当前个人空间；无记录时进入对应空态。 阅读本人有权访问的已存记录不请求AI；新对话或新回复须注册登录，且与AI分析共用额度。,,"[""conversationId""]",承载映射；目标存在不证明运行闭环。具体入口可就近复用，不按host强制绕行。,conversation,conversation,conversation-settings::back-chat,导航收敛到同一任务/对象；原动作意图保留,"conversationId,messageId,requestId,accountId,sourceSnapshotId",离开保留草稿；历史不重算、不重新扣次；返回原对话。,停止/超时/认证过期/切账号/引用撤回；查询原请求，禁止无限重发。,结构映射，不是此旧动作已运行；精确实现以events.json与原型为准
context-select,apply,应用本次选择,event,,context-select,保留事件/确认语义,本人操作；仅变更当前设计预览中的示例状态。,save_context,"[""conversationId"", ""useReport"", ""useSelfMemory"", ""useHypothesis"", ""contextNote"", ""pendingAiType"", ""taskId"", ""requestId"", ""analysisSourceType"", ""resultId"", ""portraitRevision"", ""selectedSourceIds"", ""analysisFocus"", ""draft"", ""contextView"", ""contextSnapshot"", ""returnTo""]",承载映射；目标存在不证明运行闭环。具体入口可就近复用，不按host强制绕行。,context,,context-select::apply,保持动作语义，采用新版任务状态契约,"draftId,sourceRef(kind,id,version,sectionId,status),grantId",取消不更改原选择；确认只写草稿引用，不发送。,来源删除/修改/停用时发送前重检；在途返回前再核验。,结构映射，不是此旧动作已运行；精确实现以events.json与原型为准
context-select,preview,查看发送内容范围,event,context-preview,context-select,原位展开/局部操作,目标记录属于当前个人空间；无记录时进入对应空态。,open_inline,"[""conversationId"", ""contextSelection"", ""draft"", ""returnTo""]",承载映射；目标存在不证明运行闭环。具体入口可就近复用，不按host强制绕行。,context,context,context-select::preview,保持动作语义，采用新版任务状态契约,"draftId,sourceRef(kind,id,version,sectionId,status),grantId",取消不更改原选择；确认只写草稿引用，不发送。,来源删除/修改/停用时发送前重检；在途返回前再核验。,结构映射，不是此旧动作已运行；精确实现以events.json与原型为准
context-select,pick-report,从历史选择报告,navigate,records,records,跳到独立任务,目标记录属于当前个人空间；无记录时进入对应空态。,,"[""selectionMode"", ""conversationId"", ""returnTo""]",承载映射；目标存在不证明运行闭环。具体入口可就近复用，不按host强制绕行。,context,records,context-select::pick-report,导航收敛到同一任务/对象；原动作意图保留,"draftId,sourceRef(kind,id,version,sectionId,status),grantId",取消不更改原选择；确认只写草稿引用，不发送。,来源删除/修改/停用时发送前重检；在途返回前再核验。,结构映射，不是此旧动作已运行；精确实现以events.json与原型为准
context-select,clear,只用这次输入,event,,context-select,保留事件/确认语义,本人操作；仅变更当前设计预览中的示例状态。,clear_context,"[""pendingAiType"", ""taskId"", ""requestId"", ""analysisSourceType"", ""resultId"", ""portraitRevision"", ""selectedSourceIds"", ""analysisFocus"", ""conversationId"", ""draft"", ""contextView"", ""contextSnapshot"", ""returnTo""]",承载映射；目标存在不证明运行闭环。具体入口可就近复用，不按host强制绕行。,context,,context-select::clear,保持动作语义，采用新版任务状态契约,"draftId,sourceRef(kind,id,version,sectionId,status),grantId",取消不更改原选择；确认只写草稿引用，不发送。,来源删除/修改/停用时发送前重检；在途返回前再核验。,结构映射，不是此旧动作已运行；精确实现以events.json与原型为准
context-select,back-analysis,回到AI分析确认,navigate,ai-analysis,ai-analysis,跳到独立任务,本次来源是AI分析任务；保留已有配置，不自动生成。,,"[""pendingAiType"", ""taskId"", ""requestId"", ""analysisSourceType"", ""resultId"", ""portraitRevision"", ""selectedSourceIds"", ""analysisFocus"", ""conversationId"", ""draft"", ""contextView"", ""contextSnapshot"", ""returnTo""]",承载映射；目标存在不证明运行闭环。具体入口可就近复用，不按host强制绕行。,context,analysis,context-select::back-analysis,导航收敛到同一任务/对象；原动作意图保留,"draftId,sourceRef(kind,id,version,sectionId,status),grantId",取消不更改原选择；确认只写草稿引用，不发送。,来源删除/修改/停用时发送前重检；在途返回前再核验。,结构映射，不是此旧动作已运行；精确实现以events.json与原型为准
context-preview,adjust,回去调整选择,navigate,context-select,context-select,单一当前来源显示可移除引用卡；增减多来源才进入完整选择,只编辑下一次待发选择；历史依据为只读，历史模式须明确说明将开始新一轮配置。,,"[""conversationId"", ""contextSelection"", ""draft"", ""contextView=draft"", ""returnTo""]",选择资料本身不请求AI；保留草稿和可取消返回。,context,context,context-preview::adjust,导航收敛到同一任务/对象；原动作意图保留,"draftId,sourceRef(kind,id,version,sectionId,status),grantId",取消不更改原选择；确认只写草稿引用，不发送。,来源删除/修改/停用时发送前重检；在途返回前再核验。,结构映射，不是此旧动作已运行；精确实现以events.json与原型为准
context-preview,back-chat,回到对话,navigate,conversation-detail,conversation-detail,跳到独立任务,目标记录属于当前个人空间；无记录时进入对应空态。 阅读本人有权访问的已存记录不请求AI；新对话或新回复须注册登录，且与AI分析共用额度。,,"[""conversationId"", ""draft""]",承载映射；目标存在不证明运行闭环。具体入口可就近复用，不按host强制绕行。,context,conversation,context-preview::back-chat,导航收敛到同一任务/对象；原动作意图保留,"draftId,sourceRef(kind,id,version,sectionId,status),grantId",取消不更改原选择；确认只写草稿引用，不发送。,来源删除/修改/停用时发送前重检；在途返回前再核验。,结构映射，不是此旧动作已运行；精确实现以events.json与原型为准
context-preview,privacy,查看数据选择,navigate,privacy,privacy,跳到独立任务,目标记录属于当前个人空间；无记录时进入对应空态。,,"[""fromAssistant"", ""returnTo""]",承载映射；目标存在不证明运行闭环。具体入口可就近复用，不按host强制绕行。,context,privacy,context-preview::privacy,导航收敛到同一任务/对象；原动作意图保留,"draftId,sourceRef(kind,id,version,sectionId,status),grantId",取消不更改原选择；确认只写草稿引用，不发送。,来源删除/修改/停用时发送前重检；在途返回前再核验。,结构映射，不是此旧动作已运行；精确实现以events.json与原型为准
context-preview,back-analysis,回到AI分析确认,navigate,ai-analysis,ai-analysis,跳到独立任务,本次来源是AI分析任务；保留已有配置，不自动生成。,,"[""pendingAiType"", ""taskId"", ""requestId"", ""analysisSourceType"", ""resultId"", ""portraitRevision"", ""selectedSourceIds"", ""analysisFocus"", ""conversationId"", ""draft"", ""contextView"", ""contextSnapshot"", ""returnTo""]",承载映射；目标存在不证明运行闭环。具体入口可就近复用，不按host强制绕行。,context,analysis,context-preview::back-analysis,导航收敛到同一任务/对象；原动作意图保留,"draftId,sourceRef(kind,id,version,sectionId,status),grantId",取消不更改原选择；确认只写草稿引用，不发送。,来源删除/修改/停用时发送前重检；在途返回前再核验。,结构映射，不是此旧动作已运行；精确实现以events.json与原型为准
ai-quota,membership,查看会员方案,navigate,membership,membership,跳到独立任务,目标记录属于当前个人空间；无记录时进入对应空态。,,"[""conversationId"", ""draft"", ""returnTo"", ""reason=ai-quota"", ""pendingAiType"", ""taskId"", ""requestId"", ""analysisSourceType"", ""resultId"", ""portraitRevision"", ""selectedSourceIds"", ""analysisFocus"", ""contextView"", ""contextSnapshot""]",承载映射；目标存在不证明运行闭环。具体入口可就近复用，不按host强制绕行。,usage,membership,ai-quota::membership,导航收敛到同一任务/对象；原动作意图保留,"accountId,requestId,quotaPolicyVersion,ledgerEntryId",不足返回原草稿；买后查询原请求，不强制重新发送。,失败/取消/重试如何结算待定；没有服务端账本不宣称防绕过。,结构映射，不是此旧动作已运行；精确实现以events.json与原型为准
ai-quota,continue,回到原对话,navigate,conversation-detail,conversation-detail,跳到独立任务,目标记录属于当前个人空间；无记录时进入对应空态。 阅读本人有权访问的已存记录不请求AI；新对话或新回复须注册登录，且与AI分析共用额度。,,"[""conversationId"", ""draft"", ""returnTo""]",承载映射；目标存在不证明运行闭环。具体入口可就近复用，不按host强制绕行。,usage,conversation,ai-quota::continue,导航收敛到同一任务/对象；原动作意图保留,"accountId,requestId,quotaPolicyVersion,ledgerEntryId",不足返回原草稿；买后查询原请求，不强制重新发送。,失败/取消/重试如何结算待定；没有服务端账本不宣称防绕过。,结构映射，不是此旧动作已运行；精确实现以events.json与原型为准
ai-quota,usage,查看次数记录,navigate,ai-usage-history,ai-usage-history,跳到独立任务,目标记录属于当前个人空间；无记录时进入对应空态。,,"[""returnTo""]",承载映射；目标存在不证明运行闭环。具体入口可就近复用，不按host强制绕行。,usage,usage,ai-quota::usage,导航收敛到同一任务/对象；原动作意图保留,"accountId,requestId,quotaPolicyVersion,ledgerEntryId",不足返回原草稿；买后查询原请求，不强制重新发送。,失败/取消/重试如何结算待定；没有服务端账本不宣称防绕过。,结构映射，不是此旧动作已运行；精确实现以events.json与原型为准
ai-quota,reports,先看本地报告,navigate,records,records,跳到独立任务,目标记录属于当前个人空间；无记录时进入对应空态。,,"[""returnTo""]",承载映射；目标存在不证明运行闭环。具体入口可就近复用，不按host强制绕行。,usage,records,ai-quota::reports,导航收敛到同一任务/对象；原动作意图保留,"accountId,requestId,quotaPolicyVersion,ledgerEntryId",不足返回原草稿；买后查询原请求，不强制重新发送。,失败/取消/重试如何结算待定；没有服务端账本不宣称防绕过。,结构映射，不是此旧动作已运行；精确实现以events.json与原型为准
ai-quota,refresh,刷新额度状态,event,,assistant,保留事件/确认语义,本人操作；仅变更当前设计预览中的示例状态。,refresh_ai_quota,[],承载映射；目标存在不证明运行闭环。具体入口可就近复用，不按host强制绕行。,usage,,ai-quota::refresh,保持动作语义，采用新版任务状态契约,"accountId,requestId,quotaPolicyVersion,ledgerEntryId",不足返回原草稿；买后查询原请求，不强制重新发送。,失败/取消/重试如何结算待定；没有服务端账本不宣称防绕过。,结构映射，不是此旧动作已运行；精确实现以events.json与原型为准
ai-quota,login-ai,注册或登录后继续,navigate,login,login,跳到独立任务,目标记录属于当前个人空间；无记录时进入对应空态。,,"[""pendingAiType"", ""taskId"", ""requestId"", ""analysisSourceType"", ""resultId"", ""portraitRevision"", ""selectedSourceIds"", ""analysisFocus"", ""conversationId"", ""draft"", ""contextView"", ""contextSnapshot"", ""returnTo""]",承载映射；目标存在不证明运行闭环。具体入口可就近复用，不按host强制绕行。,usage,auth,ai-quota::login-ai,导航收敛到同一任务/对象；原动作意图保留,"accountId,requestId,quotaPolicyVersion,ledgerEntryId",不足返回原草稿；买后查询原请求，不强制重新发送。,失败/取消/重试如何结算待定；没有服务端账本不宣称防绕过。,结构映射，不是此旧动作已运行；精确实现以events.json与原型为准
ai-quota,ai-help,AI暂不可用的说明,navigate,help,help,跳到独立任务,目标记录属于当前个人空间；无记录时进入对应空态。,,"[""reason=ai-access"", ""requestId"", ""taskId"", ""returnTo""]",承载映射；目标存在不证明运行闭环。具体入口可就近复用，不按host强制绕行。,usage,support,ai-quota::ai-help,导航收敛到同一任务/对象；原动作意图保留,"accountId,requestId,quotaPolicyVersion,ledgerEntryId",不足返回原草稿；买后查询原请求，不强制重新发送。,失败/取消/重试如何结算待定；没有服务端账本不宣称防绕过。,结构映射，不是此旧动作已运行；精确实现以events.json与原型为准
ai-quota,refresh-access,重新检查AI可用状态,event,,assistant,保留事件/确认语义,本人操作；仅变更当前设计预览中的示例状态。,refresh_ai_access,"[""pendingAiType"", ""taskId"", ""requestId"", ""analysisSourceType"", ""resultId"", ""portraitRevision"", ""selectedSourceIds"", ""analysisFocus"", ""conversationId"", ""draft"", ""contextView"", ""contextSnapshot"", ""returnTo""]",承载映射；目标存在不证明运行闭环。具体入口可就近复用，不按host强制绕行。,usage,,ai-quota::refresh-access,保持动作语义，采用新版任务状态契约,"accountId,requestId,quotaPolicyVersion,ledgerEntryId",不足返回原草稿；买后查询原请求，不强制重新发送。,失败/取消/重试如何结算待定；没有服务端账本不宣称防绕过。,结构映射，不是此旧动作已运行；精确实现以events.json与原型为准
ai-quota,continue-analysis,回到原分析,navigate,ai-analysis,ai-analysis,跳到独立任务,目标记录属于当前个人空间；无记录时进入对应空态。,,"[""pendingAiType"", ""taskId"", ""requestId"", ""analysisSourceType"", ""resultId"", ""portraitRevision"", ""selectedSourceIds"", ""analysisFocus"", ""conversationId"", ""draft"", ""contextView"", ""contextSnapshot"", ""returnTo""]",承载映射；目标存在不证明运行闭环。具体入口可就近复用，不按host强制绕行。,usage,analysis,ai-quota::continue-analysis,导航收敛到同一任务/对象；原动作意图保留,"accountId,requestId,quotaPolicyVersion,ledgerEntryId",不足返回原草稿；买后查询原请求，不强制重新发送。,失败/取消/重试如何结算待定；没有服务端账本不宣称防绕过。,结构映射，不是此旧动作已运行；精确实现以events.json与原型为准
ai-usage-history,filter,筛选记录,event,,ai-usage-history,保留事件/确认语义,本人操作；仅变更当前设计预览中的示例状态。,filter_ai_usage,"[""usageType"", ""usageFilter""]",承载映射；目标存在不证明运行闭环。具体入口可就近复用，不按host强制绕行。,usage,,ai-usage-history::filter,保持动作语义，采用新版任务状态契约,"accountId,requestId,quotaPolicyVersion,ledgerEntryId",不足返回原草稿；买后查询原请求，不强制重新发送。,失败/取消/重试如何结算待定；没有服务端账本不宣称防绕过。,结构映射，不是此旧动作已运行；精确实现以events.json与原型为准
ai-usage-history,recheck,核对待确认记录,event,,ai-usage-history,保留事件/确认语义,本人操作；仅变更当前设计预览中的示例状态。,reconcile_ai_usage,"[""requestId""]",承载映射；目标存在不证明运行闭环。具体入口可就近复用，不按host强制绕行。,usage,,ai-usage-history::recheck,保持动作语义，采用新版任务状态契约,"accountId,requestId,quotaPolicyVersion,ledgerEntryId",不足返回原草稿；买后查询原请求，不强制重新发送。,失败/取消/重试如何结算待定；没有服务端账本不宣称防绕过。,结构映射，不是此旧动作已运行；精确实现以events.json与原型为准
ai-usage-history,conversation,回看对应对话,navigate,conversation-detail,conversation-detail,跳到独立任务,目标记录属于当前个人空间；无记录时进入对应空态。 阅读本人有权访问的已存记录不请求AI；新对话或新回复须注册登录，且与AI分析共用额度。,,"[""conversationId"", ""messageId""]",承载映射；目标存在不证明运行闭环。具体入口可就近复用，不按host强制绕行。,usage,conversation,ai-usage-history::conversation,导航收敛到同一任务/对象；原动作意图保留,"accountId,requestId,quotaPolicyVersion,ledgerEntryId",不足返回原草稿；买后查询原请求，不强制重新发送。,失败/取消/重试如何结算待定；没有服务端账本不宣称防绕过。,结构映射，不是此旧动作已运行；精确实现以events.json与原型为准
ai-usage-history,help,反馈计次疑问,navigate,help,help,跳到独立任务,目标记录属于当前个人空间；无记录时进入对应空态。,,"[""requestId"", ""quotaDate"", ""reason=ai-usage"", ""returnTo""]",承载映射；目标存在不证明运行闭环。具体入口可就近复用，不按host强制绕行。,usage,support,ai-usage-history::help,导航收敛到同一任务/对象；原动作意图保留,"accountId,requestId,quotaPolicyVersion,ledgerEntryId",不足返回原草稿；买后查询原请求，不强制重新发送。,失败/取消/重试如何结算待定；没有服务端账本不宣称防绕过。,结构映射，不是此旧动作已运行；精确实现以events.json与原型为准
ai-usage-history,analysis,回看对应分析,navigate,ai-analysis-result,ai-analysis-result,跳到独立任务,所选记录类型是analysis且已完成；未完成去AI分析任务核对。,,"[""taskId"", ""analysisId"", ""requestId"", ""returnTo""]",承载映射；目标存在不证明运行闭环。具体入口可就近复用，不按host强制绕行。,usage,analysis,ai-usage-history::analysis,导航收敛到同一任务/对象；原动作意图保留,"accountId,requestId,quotaPolicyVersion,ledgerEntryId",不足返回原草稿；买后查询原请求，不强制重新发送。,失败/取消/重试如何结算待定；没有服务端账本不宣称防绕过。,结构映射，不是此旧动作已运行；精确实现以events.json与原型为准
ai-usage-history,analysis-task,查看分析任务状态,navigate,ai-analysis,ai-analysis,跳到独立任务,所选记录类型是analysis。,,"[""taskId"", ""requestId"", ""returnTo""]",承载映射；目标存在不证明运行闭环。具体入口可就近复用，不按host强制绕行。,usage,analysis,ai-usage-history::analysis-task,导航收敛到同一任务/对象；原动作意图保留,"accountId,requestId,quotaPolicyVersion,ledgerEntryId",不足返回原草稿；买后查询原请求，不强制重新发送。,失败/取消/重试如何结算待定；没有服务端账本不宣称防绕过。,结构映射，不是此旧动作已运行；精确实现以events.json与原型为准
my-portrait,switch-view,切换图谱视角,event,,my-portrait,保留事件/确认语义,本人操作；仅变更当前设计预览中的示例状态。,switch_portrait_view,"[""view"", ""selectedNodeId""]",承载映射；目标存在不证明运行闭环。具体入口可就近复用，不按host强制绕行。,portrait,,my-portrait::switch-view,保持动作语义，采用新版任务状态契约,"portraitRevision,evidenceRefs,reflectionId",点节点去对应来源，回来保留视角；修正不改测量记录。,没有证据留白；矛盾并列，不强行综合为更准确。,结构映射，不是此旧动作已运行；精确实现以events.json与原型为准
my-portrait,select-node,点开一个图谱节点,event,,my-portrait,保留事件/确认语义,本人操作；仅变更当前设计预览中的示例状态。,select_portrait_node,"[""nodeId"", ""insightId"", ""sourceRef""]",承载映射；目标存在不证明运行闭环。具体入口可就近复用，不按host强制绕行。,portrait,,my-portrait::select-node,保持动作语义，采用新版任务状态契约,"portraitRevision,evidenceRefs,reflectionId",点节点去对应来源，回来保留视角；修正不改测量记录。,没有证据留白；矛盾并列，不强行综合为更准确。,结构映射，不是此旧动作已运行；精确实现以events.json与原型为准
my-portrait,node-evidence,查看所选节点的依据,navigate,portrait-insight,portrait-insight,跳到独立任务,所选节点有可访问的认识或来源；纯布局样例明确进入样例说明。,,"[""nodeId"", ""insightId"", ""sourceRef"", ""returnTo""]",承载映射；目标存在不证明运行闭环。具体入口可就近复用，不按host强制绕行。,portrait,portrait,my-portrait::node-evidence,导航收敛到同一任务/对象；原动作意图保留,"portraitRevision,evidenceRefs,reflectionId",点节点去对应来源，回来保留视角；修正不改测量记录。,没有证据留白；矛盾并列，不强行综合为更准确。,结构映射，不是此旧动作已运行；精确实现以events.json与原型为准
my-portrait,insight,展开这条认识,navigate,portrait-insight,portrait-insight,跳到独立任务,目标记录属于当前个人空间；无记录时进入对应空态。,,"[""insightId"", ""portraitRevision"", ""returnTo""]",承载映射；目标存在不证明运行闭环。具体入口可就近复用，不按host强制绕行。,portrait,portrait,my-portrait::insight,导航收敛到同一任务/对象；原动作意图保留,"portraitRevision,evidenceRefs,reflectionId",点节点去对应来源，回来保留视角；修正不改测量记录。,没有证据留白；矛盾并列，不强行综合为更准确。,结构映射，不是此旧动作已运行；精确实现以events.json与原型为准
my-portrait,reflect,补充我的实际经历,navigate,portrait-reflection,portrait-reflection,跳到独立任务,目标记录属于当前个人空间；无记录时进入对应空态。,,"[""insightId"", ""returnTo""]",承载映射；目标存在不证明运行闭环。具体入口可就近复用，不按host强制绕行。,portrait,portrait,my-portrait::reflect,导航收敛到同一任务/对象；原动作意图保留,"portraitRevision,evidenceRefs,reflectionId",点节点去对应来源，回来保留视角；修正不改测量记录。,没有证据留白；矛盾并列，不强行综合为更准确。,结构映射，不是此旧动作已运行；精确实现以events.json与原型为准
my-portrait,situations,不同情境中的我,navigate,situational-self,my-portrait,同一承载内切换模式,目标记录属于当前个人空间；无记录时进入对应空态。,,"[""insightId"", ""returnTo""]",承载映射；目标存在不证明运行闭环。具体入口可就近复用，不按host强制绕行。,portrait,journal,my-portrait::situations,导航收敛到同一任务/对象；原动作意图保留,"portraitRevision,evidenceRefs,reflectionId",点节点去对应来源，回来保留视角；修正不改测量记录。,没有证据留白；矛盾并列，不强行综合为更准确。,结构映射，不是此旧动作已运行；精确实现以events.json与原型为准
my-portrait,gaps,还有哪些不清楚,navigate,understanding-gaps,my-portrait,原位展开/局部操作,目标记录属于当前个人空间；无记录时进入对应空态。,,"[""returnTo""]",承载映射；目标存在不证明运行闭环。具体入口可就近复用，不按host强制绕行。,portrait,portrait,my-portrait::gaps,导航收敛到同一任务/对象；原动作意图保留,"portraitRevision,evidenceRefs,reflectionId",点节点去对应来源，回来保留视角；修正不改测量记录。,没有证据留白；矛盾并列，不强行综合为更准确。,结构映射，不是此旧动作已运行；精确实现以events.json与原型为准
my-portrait,memory,管理相关记忆,navigate,memory-list,memory-list,跳到独立任务,目标记录属于当前个人空间；无记录时进入对应空态。,,"[""returnTo""]",承载映射；目标存在不证明运行闭环。具体入口可就近复用，不按host强制绕行。,portrait,memories,my-portrait::memory,导航收敛到同一任务/对象；原动作意图保留,"portraitRevision,evidenceRefs,reflectionId",点节点去对应来源，回来保留视角；修正不改测量记录。,没有证据留白；矛盾并列，不强行综合为更准确。,结构映射，不是此旧动作已运行；精确实现以events.json与原型为准
my-portrait,history,查看原始报告,navigate,records,records,跳到独立任务,目标记录属于当前个人空间；无记录时进入对应空态。,,"[""returnTo""]",承载映射；目标存在不证明运行闭环。具体入口可就近复用，不按host强制绕行。,portrait,records,my-portrait::history,导航收敛到同一任务/对象；原动作意图保留,"portraitRevision,evidenceRefs,reflectionId",点节点去对应来源，回来保留视角；修正不改测量记录。,没有证据留白；矛盾并列，不强行综合为更准确。,结构映射，不是此旧动作已运行；精确实现以events.json与原型为准
my-portrait,chat,围绕这些线索聊聊,navigate,conversation-detail,conversation-detail,跳到独立任务,目标记录属于当前个人空间；无记录时进入对应空态。 阅读本人有权访问的已存记录不请求AI；新对话或新回复须注册登录，且与AI分析共用额度。,,"[""insightId"", ""newConversation"", ""returnTo""]",承载映射；目标存在不证明运行闭环。具体入口可就近复用，不按host强制绕行。,portrait,conversation,my-portrait::chat,导航收敛到同一任务/对象；原动作意图保留,"portraitRevision,evidenceRefs,reflectionId",点节点去对应来源，回来保留视角；修正不改测量记录。,没有证据留白；矛盾并列，不强行综合为更准确。,结构映射，不是此旧动作已运行；精确实现以events.json与原型为准
my-portrait,ai-analysis,基于所选线索做AI分析,navigate,ai-analysis,ai-analysis,跳到独立任务,来源有权访问；进入配置不生成，确认生成必须注册登录并使用共用额度。,,"[""analysisSourceType=portrait"", ""portraitRevision"", ""selectedSourceIds"", ""returnTo=my-portrait""]",承载映射；目标存在不证明运行闭环。具体入口可就近复用，不按host强制绕行。,portrait,analysis,my-portrait::ai-analysis,导航收敛到同一任务/对象；原动作意图保留,"portraitRevision,evidenceRefs,reflectionId",点节点去对应来源，回来保留视角；修正不改测量记录。,没有证据留白；矛盾并列，不强行综合为更准确。,结构映射，不是此旧动作已运行；精确实现以events.json与原型为准
portrait-insight,select-evidence,选中一项图中依据,event,,portrait-insight,保留事件/确认语义,本人操作；仅变更当前设计预览中的示例状态。,select_insight_evidence,"[""insightId"", ""nodeId"", ""sourceRef""]",承载映射；目标存在不证明运行闭环。具体入口可就近复用，不按host强制绕行。,portrait,,portrait-insight::select-evidence,保持动作语义，采用新版任务状态契约,"portraitRevision,evidenceRefs,reflectionId",点节点去对应来源，回来保留视角；修正不改测量记录。,没有证据留白；矛盾并列，不强行综合为更准确。,结构映射，不是此旧动作已运行；精确实现以events.json与原型为准
portrait-insight,open-evidence,打开选中依据,navigate,memory-source,memory-source,短来源原位预览/直达原对象锚点；长材料或多源核对才独立来源页,目标记录属于当前个人空间；无记录时进入对应空态。,,"[""sourceRef"", ""insightId"", ""returnTo""]",按typed sourceRef只给对应的原报告因子/原消息/原观察动作，不先经过包装页。,portrait,memories,portrait-insight::open-evidence,导航收敛到同一任务/对象；原动作意图保留,"portraitRevision,evidenceRefs,reflectionId",点节点去对应来源，回来保留视角；修正不改测量记录。,没有证据留白；矛盾并列，不强行综合为更准确。,结构映射，不是此旧动作已运行；精确实现以events.json与原型为准
portrait-insight,reflect,补充或纠正情境,navigate,portrait-reflection,portrait-reflection,跳到独立任务,目标记录属于当前个人空间；无记录时进入对应空态。,,"[""insightId"", ""returnTo""]",承载映射；目标存在不证明运行闭环。具体入口可就近复用，不按host强制绕行。,portrait,portrait,portrait-insight::reflect,导航收敛到同一任务/对象；原动作意图保留,"portraitRevision,evidenceRefs,reflectionId",点节点去对应来源，回来保留视角；修正不改测量记录。,没有证据留白；矛盾并列，不强行综合为更准确。,结构映射，不是此旧动作已运行；精确实现以events.json与原型为准
portrait-insight,source,查看来源原文,navigate,memory-source,memory-source,短来源原位预览/直达原对象锚点；长材料或多源核对才独立来源页,目标记录属于当前个人空间；无记录时进入对应空态。,,"[""insightId"", ""sourceRefs"", ""returnTo""]",按typed sourceRef只给对应的原报告因子/原消息/原观察动作，不先经过包装页。,portrait,memories,portrait-insight::source,导航收敛到同一任务/对象；原动作意图保留,"portraitRevision,evidenceRefs,reflectionId",点节点去对应来源，回来保留视角；修正不改测量记录。,没有证据留白；矛盾并列，不强行综合为更准确。,结构映射，不是此旧动作已运行；精确实现以events.json与原型为准
portrait-insight,acknowledge,这与我的经历相符,event,,portrait-insight,保留事件/确认语义,本人操作；仅变更当前设计预览中的示例状态。,acknowledge_insight,"[""insightId""]",承载映射；目标存在不证明运行闭环。具体入口可就近复用，不按host强制绕行。,portrait,,portrait-insight::acknowledge,保持动作语义，采用新版任务状态契约,"portraitRevision,evidenceRefs,reflectionId",点节点去对应来源，回来保留视角；修正不改测量记录。,没有证据留白；矛盾并列，不强行综合为更准确。,结构映射，不是此旧动作已运行；精确实现以events.json与原型为准
portrait-insight,withdraw,以后不再引用这条,dialog,,portrait-insight,保留事件/确认语义,本人操作；仅变更当前设计预览中的示例状态。,withdraw_insight,"[""insightId""]",承载映射；目标存在不证明运行闭环。具体入口可就近复用，不按host强制绕行。,portrait,,portrait-insight::withdraw,保持动作语义，采用新版任务状态契约,"portraitRevision,evidenceRefs,reflectionId",点节点去对应来源，回来保留视角；修正不改测量记录。,没有证据留白；矛盾并列，不强行综合为更准确。,结构映射，不是此旧动作已运行；精确实现以events.json与原型为准
portrait-reflection,save,保存我的补充,event,,portrait-reflection,保留事件/确认语义,本人操作；仅变更当前设计预览中的示例状态。,save_reflection,"[""insightId"", ""sourceResultId"", ""reflection"", ""fit"", ""keepReflection""]",承载映射；目标存在不证明运行闭环。具体入口可就近复用，不按host强制绕行。,portrait,,portrait-reflection::save,保持动作语义，采用新版任务状态契约,"portraitRevision,evidenceRefs,reflectionId",点节点去对应来源，回来保留视角；修正不改测量记录。,没有证据留白；矛盾并列，不强行综合为更准确。,结构映射，不是此旧动作已运行；精确实现以events.json与原型为准
portrait-reflection,discuss,带着补充继续聊,navigate,conversation-detail,conversation-detail,跳到独立任务,目标记录属于当前个人空间；无记录时进入对应空态。 阅读本人有权访问的已存记录不请求AI；新对话或新回复须注册登录，且与AI分析共用额度。,,"[""reflectionDraft"", ""insightId"", ""sourceResultId"", ""returnTo""]",承载映射；目标存在不证明运行闭环。具体入口可就近复用，不按host强制绕行。,portrait,conversation,portrait-reflection::discuss,导航收敛到同一任务/对象；原动作意图保留,"portraitRevision,evidenceRefs,reflectionId",点节点去对应来源，回来保留视角；修正不改测量记录。,没有证据留白；矛盾并列，不强行综合为更准确。,结构映射，不是此旧动作已运行；精确实现以events.json与原型为准
portrait-reflection,original,返回原认识,navigate,portrait-insight,portrait-insight,跳到独立任务,目标记录属于当前个人空间；无记录时进入对应空态。,,"[""insightId"", ""returnTo""]",承载映射；目标存在不证明运行闭环。具体入口可就近复用，不按host强制绕行。,portrait,portrait,portrait-reflection::original,导航收敛到同一任务/对象；原动作意图保留,"portraitRevision,evidenceRefs,reflectionId",点节点去对应来源，回来保留视角；修正不改测量记录。,没有证据留白；矛盾并列，不强行综合为更准确。,结构映射，不是此旧动作已运行；精确实现以events.json与原型为准
memory-list,filter,查找记忆,event,,memory-list,保留事件/确认语义,本人操作；仅变更当前设计预览中的示例状态。,filter_memories,"[""query"", ""memoryFilter""]",承载映射；目标存在不证明运行闭环。具体入口可就近复用，不按host强制绕行。,memories,,memory-list::filter,保持动作语义，采用新版任务状态契约,"memoryId,revision,sourceRefs,confirmationId",取消编辑保留原版本；停用不等于删除历史聊天。,旧版本/停用源不可进入新检索；在途任务不得复活被删记忆。,结构映射，不是此旧动作已运行；精确实现以events.json与原型为准
memory-list,detail,查看这条记忆,navigate,memory-detail,memory-detail,跳到独立任务,目标记录属于当前个人空间；无记录时进入对应空态。,,"[""memoryId"", ""returnTo""]",承载映射；目标存在不证明运行闭环。具体入口可就近复用，不按host强制绕行。,memories,memories,memory-list::detail,导航收敛到同一任务/对象；原动作意图保留,"memoryId,revision,sourceRefs,confirmationId",取消编辑保留原版本；停用不等于删除历史聊天。,旧版本/停用源不可进入新检索；在途任务不得复活被删记忆。,结构映射，不是此旧动作已运行；精确实现以events.json与原型为准
memory-list,inbox,确认新的记忆,navigate,memory-inbox,memory-list,同一承载内切换模式,目标记录属于当前个人空间；无记录时进入对应空态。,,"[""returnTo""]",承载映射；目标存在不证明运行闭环。具体入口可就近复用，不按host强制绕行。,memories,memories,memory-list::inbox,导航收敛到同一任务/对象；原动作意图保留,"memoryId,revision,sourceRefs,confirmationId",取消编辑保留原版本；停用不等于删除历史聊天。,旧版本/停用源不可进入新检索；在途任务不得复活被删记忆。,结构映射，不是此旧动作已运行；精确实现以events.json与原型为准
memory-list,add,自己补充一条,navigate,memory-edit,memory-edit,跳到独立任务,目标记录属于当前个人空间；无记录时进入对应空态。,,"[""mode=create"", ""returnTo""]",承载映射；目标存在不证明运行闭环。具体入口可就近复用，不按host强制绕行。,memories,memories,memory-list::add,导航收敛到同一任务/对象；原动作意图保留,"memoryId,revision,sourceRefs,confirmationId",取消编辑保留原版本；停用不等于删除历史聊天。,旧版本/停用源不可进入新检索；在途任务不得复活被删记忆。,结构映射，不是此旧动作已运行；精确实现以events.json与原型为准
memory-list,controls,记忆使用设置,navigate,memory-controls,privacy,原位展开/局部操作,目标记录属于当前个人空间；无记录时进入对应空态。,,"[""returnTo""]",承载映射；目标存在不证明运行闭环。具体入口可就近复用，不按host强制绕行。,memories,privacy,memory-list::controls,导航收敛到同一任务/对象；原动作意图保留,"memoryId,revision,sourceRefs,confirmationId",取消编辑保留原版本；停用不等于删除历史聊天。,旧版本/停用源不可进入新检索；在途任务不得复活被删记忆。,结构映射，不是此旧动作已运行；精确实现以events.json与原型为准
memory-detail,edit,纠正这条,navigate,memory-edit,memory-edit,跳到独立任务,目标记录属于当前个人空间；无记录时进入对应空态。,,"[""memoryId"", ""revision"", ""returnTo""]",承载映射；目标存在不证明运行闭环。具体入口可就近复用，不按host强制绕行。,memories,memories,memory-detail::edit,导航收敛到同一任务/对象；原动作意图保留,"memoryId,revision,sourceRefs,confirmationId",取消编辑保留原版本；停用不等于删除历史聊天。,旧版本/停用源不可进入新检索；在途任务不得复活被删记忆。,结构映射，不是此旧动作已运行；精确实现以events.json与原型为准
memory-detail,source,看原始来源,navigate,memory-source,memory-source,短来源原位预览/直达原对象锚点；长材料或多源核对才独立来源页,目标记录属于当前个人空间；无记录时进入对应空态。,,"[""memoryId"", ""sourceRef"", ""returnTo""]",按typed sourceRef只给对应的原报告因子/原消息/原观察动作，不先经过包装页。,memories,memories,memory-detail::source,导航收敛到同一任务/对象；原动作意图保留,"memoryId,revision,sourceRefs,confirmationId",取消编辑保留原版本；停用不等于删除历史聊天。,旧版本/停用源不可进入新检索；在途任务不得复活被删记忆。,结构映射，不是此旧动作已运行；精确实现以events.json与原型为准
memory-detail,stop,停止以后引用,event,,memory-detail,保留事件/确认语义,本人操作；仅变更当前设计预览中的示例状态。,stop_memory,"[""memoryId"", ""revision""]",承载映射；目标存在不证明运行闭环。具体入口可就近复用，不按host强制绕行。,memories,,memory-detail::stop,保持动作语义，采用新版任务状态契约,"memoryId,revision,sourceRefs,confirmationId",取消编辑保留原版本；停用不等于删除历史聊天。,旧版本/停用源不可进入新检索；在途任务不得复活被删记忆。,结构映射，不是此旧动作已运行；精确实现以events.json与原型为准
memory-detail,forget,删除这条记忆,dialog,,memory-detail,保留事件/确认语义,本人操作；仅变更当前设计预览中的示例状态。,forget_memory,"[""memoryId"", ""deleteScope""]",承载映射；目标存在不证明运行闭环。具体入口可就近复用，不按host强制绕行。,memories,,memory-detail::forget,保持动作语义，采用新版任务状态契约,"memoryId,revision,sourceRefs,confirmationId",取消编辑保留原版本；停用不等于删除历史聊天。,旧版本/停用源不可进入新检索；在途任务不得复活被删记忆。,结构映射，不是此旧动作已运行；精确实现以events.json与原型为准
memory-detail,changes,查看更改记录,navigate,memory-changes,memory-detail,原位展开/局部操作,目标记录属于当前个人空间；无记录时进入对应空态。,,"[""memoryId"", ""returnTo""]",承载映射；目标存在不证明运行闭环。具体入口可就近复用，不按host强制绕行。,memories,memories,memory-detail::changes,导航收敛到同一任务/对象；原动作意图保留,"memoryId,revision,sourceRefs,confirmationId",取消编辑保留原版本；停用不等于删除历史聊天。,旧版本/停用源不可进入新检索；在途任务不得复活被删记忆。,结构映射，不是此旧动作已运行；精确实现以events.json与原型为准
memory-inbox,confirm,只记住选中的,event,,memory-list,保留事件/确认语义,来源仍有权访问；仅保存已勾选条目。没有勾选时说明未保存，不报已记住；本人勾选的表达必须有非空内容。,save_memory,"[""conversationId"", ""analysisId"", ""taskId"", ""candidateIds"", ""sourceRefs"", ""keepStatement"", ""statementText"", ""keepHypothesis""]",承载映射；目标存在不证明运行闭环。具体入口可就近复用，不按host强制绕行。,memories,,memory-inbox::confirm,保持动作语义，采用新版任务状态契约,"memoryId,revision,sourceRefs,confirmationId",取消编辑保留原版本；停用不等于删除历史聊天。,旧版本/停用源不可进入新检索；在途任务不得复活被删记忆。,结构映射，不是此旧动作已运行；精确实现以events.json与原型为准
memory-inbox,skip,这次都不记,event,,memory-list,保留事件/确认语义,本人操作；仅变更当前设计预览中的示例状态。,reject_memory_candidates,"[""candidateIds"", ""conversationId""]",承载映射；目标存在不证明运行闭环。具体入口可就近复用，不按host强制绕行。,memories,,memory-inbox::skip,保持动作语义，采用新版任务状态契约,"memoryId,revision,sourceRefs,confirmationId",取消编辑保留原版本；停用不等于删除历史聊天。,旧版本/停用源不可进入新检索；在途任务不得复活被删记忆。,结构映射，不是此旧动作已运行；精确实现以events.json与原型为准
memory-inbox,source,先看原话,navigate,memory-source,memory-source,短来源原位预览/直达原对象锚点；长材料或多源核对才独立来源页,目标记录属于当前个人空间；无记录时进入对应空态。,,"[""conversationId"", ""messageId"", ""returnTo""]",按typed sourceRef只给对应的原报告因子/原消息/原观察动作，不先经过包装页。,memories,memories,memory-inbox::source,导航收敛到同一任务/对象；原动作意图保留,"memoryId,revision,sourceRefs,confirmationId",取消编辑保留原版本；停用不等于删除历史聊天。,旧版本/停用源不可进入新检索；在途任务不得复活被删记忆。,结构映射，不是此旧动作已运行；精确实现以events.json与原型为准
memory-edit,save,保存更正,event,,memory-edit,保留事件/确认语义,本人操作；仅变更当前设计预览中的示例状态。,save_memory,"[""memoryId"", ""revision"", ""mode"", ""memoryText"", ""memoryType"", ""appliesTo"", ""usage""]",承载映射；目标存在不证明运行闭环。具体入口可就近复用，不按host强制绕行。,memories,,memory-edit::save,保持动作语义，采用新版任务状态契约,"memoryId,revision,sourceRefs,confirmationId",取消编辑保留原版本；停用不等于删除历史聊天。,旧版本/停用源不可进入新检索；在途任务不得复活被删记忆。,结构映射，不是此旧动作已运行；精确实现以events.json与原型为准
memory-edit,changes,查看以前怎样记录,navigate,memory-changes,memory-detail,原位展开/局部操作,目标记录属于当前个人空间；无记录时进入对应空态。,,"[""memoryId"", ""returnTo""]",承载映射；目标存在不证明运行闭环。具体入口可就近复用，不按host强制绕行。,memories,memories,memory-edit::changes,导航收敛到同一任务/对象；原动作意图保留,"memoryId,revision,sourceRefs,confirmationId",取消编辑保留原版本；停用不等于删除历史聊天。,旧版本/停用源不可进入新检索；在途任务不得复活被删记忆。,结构映射，不是此旧动作已运行；精确实现以events.json与原型为准
memory-edit,cancel,放弃这次修改,dialog,,memory-edit,保留事件/确认语义,本人操作；仅变更当前设计预览中的示例状态。,discard_memory_edit,[],承载映射；目标存在不证明运行闭环。具体入口可就近复用，不按host强制绕行。,memories,,memory-edit::cancel,保持动作语义，采用新版任务状态契约,"memoryId,revision,sourceRefs,confirmationId",取消编辑保留原版本；停用不等于删除历史聊天。,旧版本/停用源不可进入新检索；在途任务不得复活被删记忆。,结构映射，不是此旧动作已运行；精确实现以events.json与原型为准
memory-source,source-node,查看来源链中的节点,event,,memory-source,保留事件/确认语义,本人操作；仅变更当前设计预览中的示例状态。,select_source_node,"[""sourceRef"", ""nodeId"", ""memoryId"", ""insightId""]",承载映射；目标存在不证明运行闭环。具体入口可就近复用，不按host强制绕行。,memories,,memory-source::source-node,保持动作语义，采用新版任务状态契约,"memoryId,revision,sourceRefs,confirmationId",取消编辑保留原版本；停用不等于删除历史聊天。,旧版本/停用源不可进入新检索；在途任务不得复活被删记忆。,结构映射，不是此旧动作已运行；精确实现以events.json与原型为准
memory-source,usage,查看本次是否选用,navigate,context-select,context-select,单一当前来源显示可移除引用卡；增减多来源才进入完整选择,目标记录属于当前个人空间；无记录时进入对应空态。,,"[""sourceRef"", ""memoryId"", ""returnTo""]",选择资料本身不请求AI；保留草稿和可取消返回。,memories,context,memory-source::usage,导航收敛到同一任务/对象；原动作意图保留,"memoryId,revision,sourceRefs,confirmationId",取消编辑保留原版本；停用不等于删除历史聊天。,旧版本/停用源不可进入新检索；在途任务不得复活被删记忆。,结构映射，不是此旧动作已运行；精确实现以events.json与原型为准
memory-source,conversation,打开来源对话,navigate,conversation-detail,conversation-detail,跳到独立任务,来源确为本人仍保存的会话。 阅读本人有权访问的已存记录不请求AI；新对话或新回复须注册登录，且与AI分析共用额度。,,"[""conversationId"", ""messageId"", ""returnTo""]",承载映射；目标存在不证明运行闭环。具体入口可就近复用，不按host强制绕行。,memories,conversation,memory-source::conversation,导航收敛到同一任务/对象；原动作意图保留,"memoryId,revision,sourceRefs,confirmationId",取消编辑保留原版本；停用不等于删除历史聊天。,旧版本/停用源不可进入新检索；在途任务不得复活被删记忆。,结构映射，不是此旧动作已运行；精确实现以events.json与原型为准
memory-source,report,查看来源报告,navigate,report,report,跳到独立任务,来源确为本人有权访问的结果。,,"[""resultId"", ""sourceVersion"", ""returnTo""]",承载映射；目标存在不证明运行闭环。具体入口可就近复用，不按host强制绕行。,memories,report,memory-source::report,导航收敛到同一任务/对象；原动作意图保留,"memoryId,revision,sourceRefs,confirmationId",取消编辑保留原版本；停用不等于删除历史聊天。,旧版本/停用源不可进入新检索；在途任务不得复活被删记忆。,结构映射，不是此旧动作已运行；精确实现以events.json与原型为准
memory-source,correct,纠正这条理解,navigate,memory-edit,memory-edit,跳到独立任务,目标记录属于当前个人空间；无记录时进入对应空态。,,"[""memoryId"", ""returnTo""]",承载映射；目标存在不证明运行闭环。具体入口可就近复用，不按host强制绕行。,memories,memories,memory-source::correct,导航收敛到同一任务/对象；原动作意图保留,"memoryId,revision,sourceRefs,confirmationId",取消编辑保留原版本；停用不等于删除历史聊天。,旧版本/停用源不可进入新检索；在途任务不得复活被删记忆。,结构映射，不是此旧动作已运行；精确实现以events.json与原型为准
memory-controls,save,应用这些选择,event,,privacy,保留事件/确认语义,本人操作；仅变更当前设计预览中的示例状态。,save_memory_controls,"[""chatRetention"", ""memoryProposal"", ""modelMemory"", ""memoryPolicyRevision""]",承载映射；目标存在不证明运行闭环。具体入口可就近复用，不按host强制绕行。,privacy,,memory-controls::save,保持动作语义，采用新版任务状态契约,"accountId,consentRevision,retentionPolicy,sourceGrantId",不开权限仍可用本地资料；关闭聊天留存不自动删除旧聊天。,撤回需作用于新/在途任务；供应商实际留存未明不能虚构承诺。,结构映射，不是此旧动作已运行；精确实现以events.json与原型为准
memory-controls,existing,管理已有记忆,navigate,memory-list,memory-list,跳到独立任务,目标记录属于当前个人空间；无记录时进入对应空态。,,"[""returnTo""]",承载映射；目标存在不证明运行闭环。具体入口可就近复用，不按host强制绕行。,privacy,memories,memory-controls::existing,导航收敛到同一任务/对象；原动作意图保留,"accountId,consentRevision,retentionPolicy,sourceGrantId",不开权限仍可用本地资料；关闭聊天留存不自动删除旧聊天。,撤回需作用于新/在途任务；供应商实际留存未明不能虚构承诺。,结构映射，不是此旧动作已运行；精确实现以events.json与原型为准
memory-controls,data,查看备份与数据范围,navigate,data-center,data-center,跳到独立任务,目标记录属于当前个人空间；无记录时进入对应空态。,,"[""section=assistant-data"", ""returnTo""]",承载映射；目标存在不证明运行闭环。具体入口可就近复用，不按host强制绕行。,privacy,data,memory-controls::data,导航收敛到同一任务/对象；原动作意图保留,"accountId,consentRevision,retentionPolicy,sourceGrantId",不开权限仍可用本地资料；关闭聊天留存不自动删除旧聊天。,撤回需作用于新/在途任务；供应商实际留存未明不能虚构承诺。,结构映射，不是此旧动作已运行；精确实现以events.json与原型为准
memory-controls,pause-all,暂停使用长期记忆,dialog,,privacy,保留事件/确认语义,本人操作；仅变更当前设计预览中的示例状态。,pause_memory_use,[],承载映射；目标存在不证明运行闭环。具体入口可就近复用，不按host强制绕行。,privacy,,memory-controls::pause-all,保持动作语义，采用新版任务状态契约,"accountId,consentRevision,retentionPolicy,sourceGrantId",不开权限仍可用本地资料；关闭聊天留存不自动删除旧聊天。,撤回需作用于新/在途任务；供应商实际留存未明不能虚构承诺。,结构映射，不是此旧动作已运行；精确实现以events.json与原型为准
memory-changes,current,查看当前版本,navigate,memory-detail,memory-detail,跳到独立任务,目标记录属于当前个人空间；无记录时进入对应空态。,,"[""memoryId""]",承载映射；目标存在不证明运行闭环。具体入口可就近复用，不按host强制绕行。,memories,memories,memory-changes::current,导航收敛到同一任务/对象；原动作意图保留,"memoryId,revision,sourceRefs,confirmationId",取消编辑保留原版本；停用不等于删除历史聊天。,旧版本/停用源不可进入新检索；在途任务不得复活被删记忆。,结构映射，不是此旧动作已运行；精确实现以events.json与原型为准
memory-changes,revise,参考旧内容重新编辑,navigate,memory-edit,memory-edit,跳到独立任务,目标记录属于当前个人空间；无记录时进入对应空态。,,"[""memoryId"", ""sourceRevision"", ""mode=new-revision""]",承载映射；目标存在不证明运行闭环。具体入口可就近复用，不按host强制绕行。,memories,memories,memory-changes::revise,导航收敛到同一任务/对象；原动作意图保留,"memoryId,revision,sourceRefs,confirmationId",取消编辑保留原版本；停用不等于删除历史聊天。,旧版本/停用源不可进入新检索；在途任务不得复活被删记忆。,结构映射，不是此旧动作已运行；精确实现以events.json与原型为准
memory-changes,source,查看原始依据,navigate,memory-source,memory-source,短来源原位预览/直达原对象锚点；长材料或多源核对才独立来源页,目标记录属于当前个人空间；无记录时进入对应空态。,,"[""memoryId"", ""sourceRef""]",按typed sourceRef只给对应的原报告因子/原消息/原观察动作，不先经过包装页。,memories,memories,memory-changes::source,导航收敛到同一任务/对象；原动作意图保留,"memoryId,revision,sourceRefs,confirmationId",取消编辑保留原版本；停用不等于删除历史聊天。,旧版本/停用源不可进入新检索；在途任务不得复活被删记忆。,结构映射，不是此旧动作已运行；精确实现以events.json与原型为准
action-list,action-node,点开时间线中的行动,event,,action-list,保留事件/确认语义,本人操作；仅变更当前设计预览中的示例状态。,select_action_timeline_node,"[""actionId"", ""stage""]",承载映射；目标存在不证明运行闭环。具体入口可就近复用，不按host强制绕行。,actions,,action-list::action-node,保持动作语义，采用新版任务状态契约,"actionId,sourceRef,reviewId",回到原建议或列表；观察可以独立存在。,过期建议可标记；失败保存保留文字，不以连续天数评价用户。,结构映射，不是此旧动作已运行；精确实现以events.json与原型为准
action-list,detail,看看这件事,navigate,action-detail,action-detail,跳到独立任务,目标记录属于当前个人空间；无记录时进入对应空态。,,"[""actionId"", ""returnTo""]",承载映射；目标存在不证明运行闭环。具体入口可就近复用，不按host强制绕行。,actions,actions,action-list::detail,导航收敛到同一任务/对象；原动作意图保留,"actionId,sourceRef,reviewId",回到原建议或列表；观察可以独立存在。,过期建议可标记；失败保存保留文字，不以连续天数评价用户。,结构映射，不是此旧动作已运行；精确实现以events.json与原型为准
action-list,new,自己加一个小尝试,navigate,action-edit,action-edit,跳到独立任务,目标记录属于当前个人空间；无记录时进入对应空态。,,"[""mode=create"", ""returnTo""]",承载映射；目标存在不证明运行闭环。具体入口可就近复用，不按host强制绕行。,actions,actions,action-list::new,导航收敛到同一任务/对象；原动作意图保留,"actionId,sourceRef,reviewId",回到原建议或列表；观察可以独立存在。,过期建议可标记；失败保存保留文字，不以连续天数评价用户。,结构映射，不是此旧动作已运行；精确实现以events.json与原型为准
action-list,experiment,试试怎样用好优势,navigate,strength-experiment,action-edit,同一承载内切换模式,目标记录属于当前个人空间；无记录时进入对应空态。,,"[""returnTo""]",承载映射；目标存在不证明运行闭环。具体入口可就近复用，不按host强制绕行。,actions,actions,action-list::experiment,导航收敛到同一任务/对象；原动作意图保留,"actionId,sourceRef,reviewId",回到原建议或列表；观察可以独立存在。,过期建议可标记；失败保存保留文字，不以连续天数评价用户。,结构映射，不是此旧动作已运行；精确实现以events.json与原型为准
action-list,filter,筛选行动,event,,action-list,保留事件/确认语义,本人操作；仅变更当前设计预览中的示例状态。,filter_actions,"[""actionFilter""]",承载映射；目标存在不证明运行闭环。具体入口可就近复用，不按host强制绕行。,actions,,action-list::filter,保持动作语义，采用新版任务状态契约,"actionId,sourceRef,reviewId",回到原建议或列表；观察可以独立存在。,过期建议可标记；失败保存保留文字，不以连续天数评价用户。,结构映射，不是此旧动作已运行；精确实现以events.json与原型为准
action-list,history,回看已有观察,navigate,observation-history,action-list,同一承载内切换模式,目标记录属于当前个人空间；无记录时进入对应空态。,,"[""returnTo""]",承载映射；目标存在不证明运行闭环。具体入口可就近复用，不按host强制绕行。,actions,records,action-list::history,导航收敛到同一任务/对象；原动作意图保留,"actionId,sourceRef,reviewId",回到原建议或列表；观察可以独立存在。,过期建议可标记；失败保存保留文字，不以连续天数评价用户。,结构映射，不是此旧动作已运行；精确实现以events.json与原型为准
action-detail,observe,记录一次感受,navigate,observation-edit,observation-edit,跳到独立任务,目标记录属于当前个人空间；无记录时进入对应空态。,,"[""actionId"", ""returnTo""]",承载映射；目标存在不证明运行闭环。具体入口可就近复用，不按host强制绕行。,actions,journal,action-detail::observe,导航收敛到同一任务/对象；原动作意图保留,"actionId,sourceRef,reviewId",回到原建议或列表；观察可以独立存在。,过期建议可标记；失败保存保留文字，不以连续天数评价用户。,结构映射，不是此旧动作已运行；精确实现以events.json与原型为准
action-detail,edit,调整这个尝试,navigate,action-edit,action-edit,跳到独立任务,目标记录属于当前个人空间；无记录时进入对应空态。,,"[""actionId"", ""returnTo""]",承载映射；目标存在不证明运行闭环。具体入口可就近复用，不按host强制绕行。,actions,actions,action-detail::edit,导航收敛到同一任务/对象；原动作意图保留,"actionId,sourceRef,reviewId",回到原建议或列表；观察可以独立存在。,过期建议可标记；失败保存保留文字，不以连续天数评价用户。,结构映射，不是此旧动作已运行；精确实现以events.json与原型为准
action-detail,review,回看这次尝试,navigate,action-review,action-detail,同一承载内切换模式,目标记录属于当前个人空间；无记录时进入对应空态。,,"[""actionId"", ""returnTo""]",承载映射；目标存在不证明运行闭环。具体入口可就近复用，不按host强制绕行。,actions,actions,action-detail::review,导航收敛到同一任务/对象；原动作意图保留,"actionId,sourceRef,reviewId",回到原建议或列表；观察可以独立存在。,过期建议可标记；失败保存保留文字，不以连续天数评价用户。,结构映射，不是此旧动作已运行；精确实现以events.json与原型为准
action-detail,start,我想开始试试,event,,action-detail,保留事件/确认语义,本人操作；仅变更当前设计预览中的示例状态。,start_action,"[""actionId""]",承载映射；目标存在不证明运行闭环。具体入口可就近复用，不按host强制绕行。,actions,,action-detail::start,保持动作语义，采用新版任务状态契约,"actionId,sourceRef,reviewId",回到原建议或列表；观察可以独立存在。,过期建议可标记；失败保存保留文字，不以连续天数评价用户。,结构映射，不是此旧动作已运行；精确实现以events.json与原型为准
action-detail,cancel,暂时不做了,dialog,,action-detail,保留事件/确认语义,本人操作；仅变更当前设计预览中的示例状态。,cancel_action,"[""actionId""]",承载映射；目标存在不证明运行闭环。具体入口可就近复用，不按host强制绕行。,actions,,action-detail::cancel,保持动作语义，采用新版任务状态契约,"actionId,sourceRef,reviewId",回到原建议或列表；观察可以独立存在。,过期建议可标记；失败保存保留文字，不以连续天数评价用户。,结构映射，不是此旧动作已运行；精确实现以events.json与原型为准
action-edit,save,保存这个小尝试,event,,action-edit,保留事件/确认语义,本人操作；仅变更当前设计预览中的示例状态。,save_action,"[""actionId"", ""actionTitle"", ""actionContext"", ""observationGoal"", ""actionCommitment"", ""conversationId""]",承载映射；目标存在不证明运行闭环。具体入口可就近复用，不按host强制绕行。,actions,,action-edit::save,保持动作语义，采用新版任务状态契约,"actionId,sourceRef,reviewId",回到原建议或列表；观察可以独立存在。,过期建议可标记；失败保存保留文字，不以连续天数评价用户。,结构映射，不是此旧动作已运行；精确实现以events.json与原型为准
action-edit,discuss,先和助理商量,navigate,conversation-detail,conversation-detail,跳到独立任务,目标记录属于当前个人空间；无记录时进入对应空态。 阅读本人有权访问的已存记录不请求AI；新对话或新回复须注册登录，且与AI分析共用额度。,,"[""actionDraft"", ""conversationId"", ""returnTo""]",承载映射；目标存在不证明运行闭环。具体入口可就近复用，不按host强制绕行。,actions,conversation,action-edit::discuss,导航收敛到同一任务/对象；原动作意图保留,"actionId,sourceRef,reviewId",回到原建议或列表；观察可以独立存在。,过期建议可标记；失败保存保留文字，不以连续天数评价用户。,结构映射，不是此旧动作已运行；精确实现以events.json与原型为准
action-edit,list,返回我的行动,navigate,action-list,action-list,跳到独立任务,目标记录属于当前个人空间；无记录时进入对应空态。,,"[""returnTo""]",承载映射；目标存在不证明运行闭环。具体入口可就近复用，不按host强制绕行。,actions,actions,action-edit::list,导航收敛到同一任务/对象；原动作意图保留,"actionId,sourceRef,reviewId",回到原建议或列表；观察可以独立存在。,过期建议可标记；失败保存保留文字，不以连续天数评价用户。,结构映射，不是此旧动作已运行；精确实现以events.json与原型为准
observation-edit,save,保存观察,event,,observation-edit,保留事件/确认语义,本人操作；仅变更当前设计预览中的示例状态。,save_observation,"[""observationId"", ""actionId"", ""eventText"", ""feelingText"", ""observationUse""]",承载映射；目标存在不证明运行闭环。具体入口可就近复用，不按host强制绕行。,journal,,observation-edit::save,保持动作语义，采用新版任务状态契约,"noteId,revision,contextType,sourceRef?",保存回原记录集合；不自动外发、不自动变记忆。,失败保持当前输入；删除后引用失效；导出副本无法撤回。,结构映射，不是此旧动作已运行；精确实现以events.json与原型为准
observation-edit,chat,带着观察聊聊,navigate,conversation-detail,conversation-detail,跳到独立任务,目标记录属于当前个人空间；无记录时进入对应空态。 阅读本人有权访问的已存记录不请求AI；新对话或新回复须注册登录，且与AI分析共用额度。,,"[""observationDraft"", ""actionId"", ""returnTo""]",承载映射；目标存在不证明运行闭环。具体入口可就近复用，不按host强制绕行。,journal,conversation,observation-edit::chat,导航收敛到同一任务/对象；原动作意图保留,"noteId,revision,contextType,sourceRef?",保存回原记录集合；不自动外发、不自动变记忆。,失败保持当前输入；删除后引用失效；导出副本无法撤回。,结构映射，不是此旧动作已运行；精确实现以events.json与原型为准
observation-edit,history,回看已有观察,navigate,observation-history,action-list,同一承载内切换模式,目标记录属于当前个人空间；无记录时进入对应空态。,,"[""actionId"", ""returnTo""]",承载映射；目标存在不证明运行闭环。具体入口可就近复用，不按host强制绕行。,journal,records,observation-edit::history,导航收敛到同一任务/对象；原动作意图保留,"noteId,revision,contextType,sourceRef?",保存回原记录集合；不自动外发、不自动变记忆。,失败保持当前输入；删除后引用失效；导出副本无法撤回。,结构映射，不是此旧动作已运行；精确实现以events.json与原型为准
observation-history,observation-node,展开时间点的经历,event,,action-list,保留事件/确认语义,本人操作；仅变更当前设计预览中的示例状态。,select_observation_point,"[""observationId"", ""contextId"", ""sourceRef""]",承载映射；目标存在不证明运行闭环。具体入口可就近复用，不按host强制绕行。,records,,observation-history::observation-node,保持动作语义，采用新版任务状态契约,"spaceId,recordType,recordId,version",打开精确对象，返回原筛选/时间位置。,空状态给可开始的动作；损坏记录单独隔离不清空整个列表。,结构映射，不是此旧动作已运行；精确实现以events.json与原型为准
observation-history,observation-source,查看这次观察的来源,navigate,memory-source,memory-source,短来源原位预览/直达原对象锚点；长材料或多源核对才独立来源页,目标记录属于当前个人空间；无记录时进入对应空态。,,"[""sourceRef"", ""observationId"", ""returnTo""]",按typed sourceRef只给对应的原报告因子/原消息/原观察动作，不先经过包装页。,records,memories,observation-history::observation-source,导航收敛到同一任务/对象；原动作意图保留,"spaceId,recordType,recordId,version",打开精确对象，返回原筛选/时间位置。,空状态给可开始的动作；损坏记录单独隔离不清空整个列表。,结构映射，不是此旧动作已运行；精确实现以events.json与原型为准
observation-history,search,查找观察,event,,action-list,保留事件/确认语义,本人操作；仅变更当前设计预览中的示例状态。,search_observations,"[""observationQuery"", ""actionId""]",承载映射；目标存在不证明运行闭环。具体入口可就近复用，不按host强制绕行。,records,,observation-history::search,保持动作语义，采用新版任务状态契约,"spaceId,recordType,recordId,version",打开精确对象，返回原筛选/时间位置。,空状态给可开始的动作；损坏记录单独隔离不清空整个列表。,结构映射，不是此旧动作已运行；精确实现以events.json与原型为准
observation-history,edit,补充这次记录,navigate,observation-edit,observation-edit,跳到独立任务,目标记录属于当前个人空间；无记录时进入对应空态。,,"[""observationId"", ""actionId"", ""returnTo""]",承载映射；目标存在不证明运行闭环。具体入口可就近复用，不按host强制绕行。,records,journal,observation-history::edit,导航收敛到同一任务/对象；原动作意图保留,"spaceId,recordType,recordId,version",打开精确对象，返回原筛选/时间位置。,空状态给可开始的动作；损坏记录单独隔离不清空整个列表。,结构映射，不是此旧动作已运行；精确实现以events.json与原型为准
observation-history,review,回看关联行动,navigate,action-review,action-detail,同一承载内切换模式,目标记录属于当前个人空间；无记录时进入对应空态。,,"[""actionId"", ""returnTo""]",承载映射；目标存在不证明运行闭环。具体入口可就近复用，不按host强制绕行。,records,actions,observation-history::review,导航收敛到同一任务/对象；原动作意图保留,"spaceId,recordType,recordId,version",打开精确对象，返回原筛选/时间位置。,空状态给可开始的动作；损坏记录单独隔离不清空整个列表。,结构映射，不是此旧动作已运行；精确实现以events.json与原型为准
observation-history,chat,选一条和助理聊,navigate,context-select,context-select,单一当前来源显示可移除引用卡；增减多来源才进入完整选择,目标记录属于当前个人空间；无记录时进入对应空态。,,"[""observationId"", ""returnTo""]",选择资料本身不请求AI；保留草稿和可取消返回。,records,context,observation-history::chat,导航收敛到同一任务/对象；原动作意图保留,"spaceId,recordType,recordId,version",打开精确对象，返回原筛选/时间位置。,空状态给可开始的动作；损坏记录单独隔离不清空整个列表。,结构映射，不是此旧动作已运行；精确实现以events.json与原型为准
action-review,review-evidence,点开一条回看依据,event,,action-detail,保留事件/确认语义,本人操作；仅变更当前设计预览中的示例状态。,select_review_evidence,"[""actionId"", ""observationId"", ""evidenceLane""]",承载映射；目标存在不证明运行闭环。具体入口可就近复用，不按host强制绕行。,actions,,action-review::review-evidence,保持动作语义，采用新版任务状态契约,"actionId,sourceRef,reviewId",回到原建议或列表；观察可以独立存在。,过期建议可标记；失败保存保留文字，不以连续天数评价用户。,结构映射，不是此旧动作已运行；精确实现以events.json与原型为准
action-review,review-source,回到原始观察,navigate,observation-history,action-list,同一承载内切换模式,目标记录属于当前个人空间；无记录时进入对应空态。,,"[""actionId"", ""observationId"", ""returnTo""]",承载映射；目标存在不证明运行闭环。具体入口可就近复用，不按host强制绕行。,actions,records,action-review::review-source,导航收敛到同一任务/对象；原动作意图保留,"actionId,sourceRef,reviewId",回到原建议或列表；观察可以独立存在。,过期建议可标记；失败保存保留文字，不以连续天数评价用户。,结构映射，不是此旧动作已运行；精确实现以events.json与原型为准
action-review,save,保存这次回看,event,,action-detail,保留事件/确认语义,本人操作；仅变更当前设计预览中的示例状态。,review_action,"[""actionId"", ""reviewText"", ""nextStatus""]",承载映射；目标存在不证明运行闭环。具体入口可就近复用，不按host强制绕行。,actions,,action-review::save,保持动作语义，采用新版任务状态契约,"actionId,sourceRef,reviewId",回到原建议或列表；观察可以独立存在。,过期建议可标记；失败保存保留文字，不以连续天数评价用户。,结构映射，不是此旧动作已运行；精确实现以events.json与原型为准
action-review,adjust,调整下一步,navigate,action-edit,action-edit,跳到独立任务,目标记录属于当前个人空间；无记录时进入对应空态。,,"[""actionId"", ""reviewDraft"", ""returnTo""]",承载映射；目标存在不证明运行闭环。具体入口可就近复用，不按host强制绕行。,actions,actions,action-review::adjust,导航收敛到同一任务/对象；原动作意图保留,"actionId,sourceRef,reviewId",回到原建议或列表；观察可以独立存在。,过期建议可标记；失败保存保留文字，不以连续天数评价用户。,结构映射，不是此旧动作已运行；精确实现以events.json与原型为准
action-review,talk,和助理讨论这些观察,navigate,conversation-detail,conversation-detail,跳到独立任务,目标记录属于当前个人空间；无记录时进入对应空态。 阅读本人有权访问的已存记录不请求AI；新对话或新回复须注册登录，且与AI分析共用额度。,,"[""actionId"", ""observationIds"", ""returnTo""]",承载映射；目标存在不证明运行闭环。具体入口可就近复用，不按host强制绕行。,actions,conversation,action-review::talk,导航收敛到同一任务/对象；原动作意图保留,"actionId,sourceRef,reviewId",回到原建议或列表；观察可以独立存在。,过期建议可标记；失败保存保留文字，不以连续天数评价用户。,结构映射，不是此旧动作已运行；精确实现以events.json与原型为准
ai-settings,save,保存交流偏好,event,,settings,保留事件/确认语义,本人操作；仅变更当前设计预览中的示例状态。,save_ai_preferences,"[""assistantName"", ""answerLength"", ""collaborationStyle"", ""avoidance""]",承载映射；目标存在不证明运行闭环。具体入口可就近复用，不按host强制绕行。,settings,,ai-settings::save,保持动作语义，采用新版任务状态契约,"preferencesRevision,fontScale,motionPreference",应用即保留，有失败提示；回原位置。,系统字体/动态优先级明确；拒绝无关权限不影响本地任务。,结构映射，不是此旧动作已运行；精确实现以events.json与原型为准
ai-settings,memory-controls,记忆使用方式,navigate,memory-controls,privacy,原位展开/局部操作,目标记录属于当前个人空间；无记录时进入对应空态。,,"[""returnTo""]",承载映射；目标存在不证明运行闭环。具体入口可就近复用，不按host强制绕行。,settings,privacy,ai-settings::memory-controls,导航收敛到同一任务/对象；原动作意图保留,"preferencesRevision,fontScale,motionPreference",应用即保留，有失败提示；回原位置。,系统字体/动态优先级明确；拒绝无关权限不影响本地任务。,结构映射，不是此旧动作已运行；精确实现以events.json与原型为准
ai-settings,quota,AI次数与说明,navigate,ai-quota,assistant,原位展开/局部操作,目标记录属于当前个人空间；无记录时进入对应空态。,,"[""returnTo""]",承载映射；目标存在不证明运行闭环。具体入口可就近复用，不按host强制绕行。,settings,usage,ai-settings::quota,导航收敛到同一任务/对象；原动作意图保留,"preferencesRevision,fontScale,motionPreference",应用即保留，有失败提示；回原位置。,系统字体/动态优先级明确；拒绝无关权限不影响本地任务。,结构映射，不是此旧动作已运行；精确实现以events.json与原型为准
ai-settings,skills,后续协作能力,navigate,skills-list,skills-list,跳到独立任务,目标记录属于当前个人空间；无记录时进入对应空态。,,"[""returnTo""]",承载映射；目标存在不证明运行闭环。具体入口可就近复用，不按host强制绕行。,settings,skills,ai-settings::skills,导航收敛到同一任务/对象；原动作意图保留,"preferencesRevision,fontScale,motionPreference",应用即保留，有失败提示；回原位置。,系统字体/动态优先级明确；拒绝无关权限不影响本地任务。,结构映射，不是此旧动作已运行；精确实现以events.json与原型为准
ai-settings,privacy,数据和模型使用,navigate,privacy,privacy,跳到独立任务,目标记录属于当前个人空间；无记录时进入对应空态。,,"[""returnTo""]",承载映射；目标存在不证明运行闭环。具体入口可就近复用，不按host强制绕行。,settings,privacy,ai-settings::privacy,导航收敛到同一任务/对象；原动作意图保留,"preferencesRevision,fontScale,motionPreference",应用即保留，有失败提示；回原位置。,系统字体/动态优先级明确；拒绝无关权限不影响本地任务。,结构映射，不是此旧动作已运行；精确实现以events.json与原型为准
skills-list,detail,查看能力示例,navigate,skill-detail,skill-detail,跳到独立任务,目标记录属于当前个人空间；无记录时进入对应空态。,,"[""candidateCapabilityId"", ""returnTo""]",承载映射；目标存在不证明运行闭环。具体入口可就近复用，不按host强制绕行。,skills,skills,skills-list::detail,导航收敛到同一任务/对象；原动作意图保留,"skillId,skillVersion,requestId,grantId",取消不调用；结束把结果关联原对话。,技能不可用/越权有原因；外部动作另需授权。,结构映射，不是此旧动作已运行；精确实现以events.json与原型为准
skills-list,reminders,看看提醒方案,navigate,reminder-settings,action-detail,原位展开/局部操作,目标记录属于当前个人空间；无记录时进入对应空态。,,"[""returnTo""]",承载映射；目标存在不证明运行闭环。具体入口可就近复用，不按host强制绕行。,skills,reminders,skills-list::reminders,导航收敛到同一任务/对象；原动作意图保留,"skillId,skillVersion,requestId,grantId",取消不调用；结束把结果关联原对话。,技能不可用/越权有原因；外部动作另需授权。,结构映射，不是此旧动作已运行；精确实现以events.json与原型为准
skills-list,back-chat,回到当前助理,navigate,assistant,assistant,跳到独立任务,目标记录属于当前个人空间；无记录时进入对应空态。,,"[""returnTo""]",承载映射；目标存在不证明运行闭环。具体入口可就近复用，不按host强制绕行。,skills,assistant,skills-list::back-chat,导航收敛到同一任务/对象；原动作意图保留,"skillId,skillVersion,requestId,grantId",取消不调用；结束把结果关联原对话。,技能不可用/越权有原因；外部动作另需授权。,结构映射，不是此旧动作已运行；精确实现以events.json与原型为准
skill-detail,sample,看一份输出样稿,dialog,,skill-detail,保留事件/确认语义,本人操作；仅变更当前设计预览中的示例状态。,preview_skill_result,[],承载映射；目标存在不证明运行闭环。具体入口可就近复用，不按host强制绕行。,skills,,skill-detail::sample,保持动作语义，采用新版任务状态契约,"skillId,skillVersion,requestId,grantId",取消不调用；结束把结果关联原对话。,技能不可用/越权有原因；外部动作另需授权。,结构映射，不是此旧动作已运行；精确实现以events.json与原型为准
skill-detail,try-chat,先在对话中讨论,navigate,conversation-detail,conversation-detail,跳到独立任务,目标记录属于当前个人空间；无记录时进入对应空态。 阅读本人有权访问的已存记录不请求AI；新对话或新回复须注册登录，且与AI分析共用额度。,,"[""topic=一次沟通经历"", ""returnTo""]",承载映射；目标存在不证明运行闭环。具体入口可就近复用，不按host强制绕行。,skills,conversation,skill-detail::try-chat,导航收敛到同一任务/对象；原动作意图保留,"skillId,skillVersion,requestId,grantId",取消不调用；结束把结果关联原对话。,技能不可用/越权有原因；外部动作另需授权。,结构映射，不是此旧动作已运行；精确实现以events.json与原型为准
skill-detail,list,返回能力候选,navigate,skills-list,skills-list,跳到独立任务,目标记录属于当前个人空间；无记录时进入对应空态。,,"[""returnTo""]",承载映射；目标存在不证明运行闭环。具体入口可就近复用，不按host强制绕行。,skills,skills,skill-detail::list,导航收敛到同一任务/对象；原动作意图保留,"skillId,skillVersion,requestId,grantId",取消不调用；结束把结果关联原对话。,技能不可用/越权有原因；外部动作另需授权。,结构映射，不是此旧动作已运行；精确实现以events.json与原型为准
reminder-settings,save,保存提醒偏好示例,event,,action-detail,保留事件/确认语义,本人操作；仅变更当前设计预览中的示例状态。,save_reminder_preference,"[""actionId"", ""reminderMode"", ""reminderNote""]",承载映射；目标存在不证明运行闭环。具体入口可就近复用，不按host强制绕行。,reminders,,reminder-settings::save,保持动作语义，采用新版任务状态契约,"reminderId,actionId,notificationPermission",关闭只停止提醒，不删除行动或观察。,拒绝权限不挡离线记录；系统没授权不能说已开启。,结构映射，不是此旧动作已运行；精确实现以events.json与原型为准
reminder-settings,disable,关闭这项提醒,event,,action-detail,保留事件/确认语义,本人操作；仅变更当前设计预览中的示例状态。,disable_action_reminder,"[""actionId""]",承载映射；目标存在不证明运行闭环。具体入口可就近复用，不按host强制绕行。,reminders,,reminder-settings::disable,保持动作语义，采用新版任务状态契约,"reminderId,actionId,notificationPermission",关闭只停止提醒，不删除行动或观察。,拒绝权限不挡离线记录；系统没授权不能说已开启。,结构映射，不是此旧动作已运行；精确实现以events.json与原型为准
reminder-settings,action,回到相关行动,navigate,action-detail,action-detail,跳到独立任务,目标记录属于当前个人空间；无记录时进入对应空态。,,"[""actionId"", ""returnTo""]",承载映射；目标存在不证明运行闭环。具体入口可就近复用，不按host强制绕行。,reminders,actions,reminder-settings::action,导航收敛到同一任务/对象；原动作意图保留,"reminderId,actionId,notificationPermission",关闭只停止提醒，不删除行动或观察。,拒绝权限不挡离线记录；系统没授权不能说已开启。,结构映射，不是此旧动作已运行；精确实现以events.json与原型为准
reminder-settings,notifications,查看通知设置方案,navigate,notifications,notifications,跳到独立任务,目标记录属于当前个人空间；无记录时进入对应空态。,,"[""actionId"", ""returnTo""]",承载映射；目标存在不证明运行闭环。具体入口可就近复用，不按host强制绕行。,reminders,notifications,reminder-settings::notifications,导航收敛到同一任务/对象；原动作意图保留,"reminderId,actionId,notificationPermission",关闭只停止提醒，不删除行动或观察。,拒绝权限不挡离线记录；系统没授权不能说已开启。,结构映射，不是此旧动作已运行；精确实现以events.json与原型为准
life-space-list,open,打开考研问题示例,navigate,life-space-detail,life-space-detail,跳到独立任务,目标记录属于当前个人空间；无记录时进入对应空态。,,"[""spaceId"", ""returnTo""]",承载映射；目标存在不证明运行闭环。具体入口可就近复用，不按host强制绕行。,life-spaces,life-spaces,life-space-list::open,导航收敛到同一任务/对象；原动作意图保留,"lifeSpaceId,memberRecordIds",明确保留/移出关联，原对象仍可从记录找到。,重复归属不重复数据；删空间不默认删源记录。,结构映射，不是此旧动作已运行；精确实现以events.json与原型为准
life-space-list,create,建立问题空间示例,event,,life-space-list,保留事件/确认语义,本人填写了一个具体问题；当前只创建设计会话内示例。,create_life_space,"[""newSpaceTitle""]",承载映射；目标存在不证明运行闭环。具体入口可就近复用，不按host强制绕行。,life-spaces,,life-space-list::create,保持动作语义，采用新版任务状态契约,"lifeSpaceId,memberRecordIds",明确保留/移出关联，原对象仍可从记录找到。,重复归属不重复数据；删空间不默认删源记录。,结构映射，不是此旧动作已运行；精确实现以events.json与原型为准
life-space-list,search,查找这个问题,event,,life-space-list,保留事件/确认语义,本人操作；仅变更当前设计预览中的示例状态。,search_life_spaces,"[""spaceQuery"", ""spaceFilter""]",承载映射；目标存在不证明运行闭环。具体入口可就近复用，不按host强制绕行。,life-spaces,,life-space-list::search,保持动作语义，采用新版任务状态契约,"lifeSpaceId,memberRecordIds",明确保留/移出关联，原对象仍可从记录找到。,重复归属不重复数据；删空间不默认删源记录。,结构映射，不是此旧动作已运行；精确实现以events.json与原型为准
life-space-list,chat,暂时先聊聊,navigate,conversation-detail,conversation-detail,跳到独立任务,目标记录属于当前个人空间；无记录时进入对应空态。 阅读本人有权访问的已存记录不请求AI；新对话或新回复须注册登录，且与AI分析共用额度。,,"[""draft"", ""returnTo""]",承载映射；目标存在不证明运行闭环。具体入口可就近复用，不按host强制绕行。,life-spaces,conversation,life-space-list::chat,导航收敛到同一任务/对象；原动作意图保留,"lifeSpaceId,memberRecordIds",明确保留/移出关联，原对象仍可从记录找到。,重复归属不重复数据；删空间不默认删源记录。,结构映射，不是此旧动作已运行；精确实现以events.json与原型为准
life-space-detail,discuss,围绕这个问题聊,navigate,conversation-detail,conversation-detail,跳到独立任务,目标记录属于当前个人空间；无记录时进入对应空态。 阅读本人有权访问的已存记录不请求AI；新对话或新回复须注册登录，且与AI分析共用额度。,,"[""spaceId"", ""selectedSourceRefs"", ""draft"", ""returnTo""]",承载映射；目标存在不证明运行闭环。具体入口可就近复用，不按host强制绕行。,life-spaces,conversation,life-space-detail::discuss,导航收敛到同一任务/对象；原动作意图保留,"lifeSpaceId,memberRecordIds",明确保留/移出关联，原对象仍可从记录找到。,重复归属不重复数据；删空间不默认删源记录。,结构映射，不是此旧动作已运行；精确实现以events.json与原型为准
life-space-detail,evidence,挑选相关资料,navigate,context-select,context-select,单一当前来源显示可移除引用卡；增减多来源才进入完整选择,目标记录属于当前个人空间；无记录时进入对应空态。,,"[""spaceId"", ""selectionPurpose=space"", ""returnTo""]",选择资料本身不请求AI；保留草稿和可取消返回。,life-spaces,context,life-space-detail::evidence,导航收敛到同一任务/对象；原动作意图保留,"lifeSpaceId,memberRecordIds",明确保留/移出关联，原对象仍可从记录找到。,重复归属不重复数据；删空间不默认删源记录。,结构映射，不是此旧动作已运行；精确实现以events.json与原型为准
life-space-detail,experience,补充我的现实情况,navigate,portrait-reflection,portrait-reflection,跳到独立任务,目标记录属于当前个人空间；无记录时进入对应空态。,,"[""spaceId"", ""returnTo""]",承载映射；目标存在不证明运行闭环。具体入口可就近复用，不按host强制绕行。,life-spaces,portrait,life-space-detail::experience,导航收敛到同一任务/对象；原动作意图保留,"lifeSpaceId,memberRecordIds",明确保留/移出关联，原对象仍可从记录找到。,重复归属不重复数据；删空间不默认删源记录。,结构映射，不是此旧动作已运行；精确实现以events.json与原型为准
life-space-detail,action,安排下一步了解,navigate,action-edit,action-edit,跳到独立任务,目标记录属于当前个人空间；无记录时进入对应空态。,,"[""spaceId"", ""returnTo""]",承载映射；目标存在不证明运行闭环。具体入口可就近复用，不按host强制绕行。,life-spaces,actions,life-space-detail::action,导航收敛到同一任务/对象；原动作意图保留,"lifeSpaceId,memberRecordIds",明确保留/移出关联，原对象仍可从记录找到。,重复归属不重复数据；删空间不默认删源记录。,结构映射，不是此旧动作已运行；精确实现以events.json与原型为准
life-space-detail,observations,回看已有观察,navigate,observation-history,action-list,同一承载内切换模式,目标记录属于当前个人空间；无记录时进入对应空态。,,"[""spaceId"", ""returnTo""]",承载映射；目标存在不证明运行闭环。具体入口可就近复用，不按host强制绕行。,life-spaces,records,life-space-detail::observations,导航收敛到同一任务/对象；原动作意图保留,"lifeSpaceId,memberRecordIds",明确保留/移出关联，原对象仍可从记录找到。,重复归属不重复数据；删空间不默认删源记录。,结构映射，不是此旧动作已运行；精确实现以events.json与原型为准
life-space-detail,focus,保存当前焦点,event,,life-space-detail,保留事件/确认语义,本人操作；仅变更当前设计预览中的示例状态。,save_space_focus,"[""spaceId"", ""spaceFocus""]",承载映射；目标存在不证明运行闭环。具体入口可就近复用，不按host强制绕行。,life-spaces,,life-space-detail::focus,保持动作语义，采用新版任务状态契约,"lifeSpaceId,memberRecordIds",明确保留/移出关联，原对象仍可从记录找到。,重复归属不重复数据；删空间不默认删源记录。,结构映射，不是此旧动作已运行；精确实现以events.json与原型为准
life-space-detail,close,暂时结束这个问题,dialog,,life-space-detail,保留事件/确认语义,本人操作；仅变更当前设计预览中的示例状态。,close_life_space,"[""spaceId""]",承载映射；目标存在不证明运行闭环。具体入口可就近复用，不按host强制绕行。,life-spaces,,life-space-detail::close,保持动作语义，采用新版任务状态契约,"lifeSpaceId,memberRecordIds",明确保留/移出关联，原对象仍可从记录找到。,重复归属不重复数据；删空间不默认删源记录。,结构映射，不是此旧动作已运行；精确实现以events.json与原型为准
situational-self,context-card,选中一个情境,event,,my-portrait,保留事件/确认语义,本人操作；仅变更当前设计预览中的示例状态。,select_situation,"[""contextId"", ""observationId"", ""insightId""]",承载映射；目标存在不证明运行闭环。具体入口可就近复用，不按host强制绕行。,journal,,situational-self::context-card,保持动作语义，采用新版任务状态契约,"noteId,revision,contextType,sourceRef?",保存回原记录集合；不自动外发、不自动变记忆。,失败保持当前输入；删除后引用失效；导出副本无法撤回。,结构映射，不是此旧动作已运行；精确实现以events.json与原型为准
situational-self,evidence-context,看这个情境的依据,navigate,memory-source,memory-source,短来源原位预览/直达原对象锚点；长材料或多源核对才独立来源页,目标记录属于当前个人空间；无记录时进入对应空态。,,"[""sourceRef"", ""contextId"", ""returnTo""]",按typed sourceRef只给对应的原报告因子/原消息/原观察动作，不先经过包装页。,journal,memories,situational-self::evidence-context,导航收敛到同一任务/对象；原动作意图保留,"noteId,revision,contextType,sourceRef?",保存回原记录集合；不自动外发、不自动变记忆。,失败保持当前输入；删除后引用失效；导出副本无法撤回。,结构映射，不是此旧动作已运行；精确实现以events.json与原型为准
situational-self,add,补充另一个情境,navigate,portrait-reflection,portrait-reflection,跳到独立任务,目标记录属于当前个人空间；无记录时进入对应空态。,,"[""insightId"", ""comparisonContext"", ""returnTo""]",承载映射；目标存在不证明运行闭环。具体入口可就近复用，不按host强制绕行。,journal,portrait,situational-self::add,导航收敛到同一任务/对象；原动作意图保留,"noteId,revision,contextType,sourceRef?",保存回原记录集合；不自动外发、不自动变记忆。,失败保持当前输入；删除后引用失效；导出副本无法撤回。,结构映射，不是此旧动作已运行；精确实现以events.json与原型为准
situational-self,reconcile,整理看似矛盾的认识,navigate,insight-reconcile,insight-reconcile,跳到独立任务,目标记录属于当前个人空间；无记录时进入对应空态。,,"[""insightId"", ""sourceRefs"", ""returnTo""]",承载映射；目标存在不证明运行闭环。具体入口可就近复用，不按host强制绕行。,journal,portrait,situational-self::reconcile,导航收敛到同一任务/对象；原动作意图保留,"noteId,revision,contextType,sourceRef?",保存回原记录集合；不自动外发、不自动变记忆。,失败保持当前输入；删除后引用失效；导出副本无法撤回。,结构映射，不是此旧动作已运行；精确实现以events.json与原型为准
situational-self,experiment,选一次小尝试观察,navigate,strength-experiment,action-edit,同一承载内切换模式,目标记录属于当前个人空间；无记录时进入对应空态。,,"[""insightId"", ""comparisonContext"", ""returnTo""]",承载映射；目标存在不证明运行闭环。具体入口可就近复用，不按host强制绕行。,journal,actions,situational-self::experiment,导航收敛到同一任务/对象；原动作意图保留,"noteId,revision,contextType,sourceRef?",保存回原记录集合；不自动外发、不自动变记忆。,失败保持当前输入；删除后引用失效；导出副本无法撤回。,结构映射，不是此旧动作已运行；精确实现以events.json与原型为准
situational-self,sources,回看相关观察,navigate,observation-history,action-list,同一承载内切换模式,目标记录属于当前个人空间；无记录时进入对应空态。,,"[""insightId"", ""observationIds"", ""returnTo""]",承载映射；目标存在不证明运行闭环。具体入口可就近复用，不按host强制绕行。,journal,records,situational-self::sources,导航收敛到同一任务/对象；原动作意图保留,"noteId,revision,contextType,sourceRef?",保存回原记录集合；不自动外发、不自动变记忆。,失败保持当前输入；删除后引用失效；导出副本无法撤回。,结构映射，不是此旧动作已运行；精确实现以events.json与原型为准
understanding-gaps,cell,展开一格依据或未知,event,,my-portrait,保留事件/确认语义,本人操作；仅变更当前设计预览中的示例状态。,select_coverage_cell,"[""dimensionId"", ""evidenceType"", ""sourceRef""]",承载映射；目标存在不证明运行闭环。具体入口可就近复用，不按host强制绕行。,portrait,,understanding-gaps::cell,保持动作语义，采用新版任务状态契约,"portraitRevision,evidenceRefs,reflectionId",点节点去对应来源，回来保留视角；修正不改测量记录。,没有证据留白；矛盾并列，不强行综合为更准确。,结构映射，不是此旧动作已运行；精确实现以events.json与原型为准
understanding-gaps,source-cell,查看所选格子的来源,navigate,memory-source,memory-source,短来源原位预览/直达原对象锚点；长材料或多源核对才独立来源页,格子有本人可访问的来源；未知格子改为探索说明。,,"[""sourceRef"", ""returnTo""]",按typed sourceRef只给对应的原报告因子/原消息/原观察动作，不先经过包装页。,portrait,memories,understanding-gaps::source-cell,导航收敛到同一任务/对象；原动作意图保留,"portraitRevision,evidenceRefs,reflectionId",点节点去对应来源，回来保留视角；修正不改测量记录。,没有证据留白；矛盾并列，不强行综合为更准确。,结构映射，不是此旧动作已运行；精确实现以events.json与原型为准
understanding-gaps,choose,记录我选择的方向,event,,my-portrait,保留事件/确认语义,本人操作；仅变更当前设计预览中的示例状态。,choose_understanding_focus,"[""focusGap"", ""spaceId""]",承载映射；目标存在不证明运行闭环。具体入口可就近复用，不按host强制绕行。,portrait,,understanding-gaps::choose,保持动作语义，采用新版任务状态契约,"portraitRevision,evidenceRefs,reflectionId",点节点去对应来源，回来保留视角；修正不改测量记录。,没有证据留白；矛盾并列，不强行综合为更准确。,结构映射，不是此旧动作已运行；精确实现以events.json与原型为准
understanding-gaps,experience,补充本人经历,navigate,portrait-reflection,portrait-reflection,跳到独立任务,目标记录属于当前个人空间；无记录时进入对应空态。,,"[""spaceId"", ""returnTo""]",承载映射；目标存在不证明运行闭环。具体入口可就近复用，不按host强制绕行。,portrait,portrait,understanding-gaps::experience,导航收敛到同一任务/对象；原动作意图保留,"portraitRevision,evidenceRefs,reflectionId",点节点去对应来源，回来保留视角；修正不改测量记录。,没有证据留白；矛盾并列，不强行综合为更准确。,结构映射，不是此旧动作已运行；精确实现以events.json与原型为准
understanding-gaps,difference,整理不同说法,navigate,insight-reconcile,insight-reconcile,跳到独立任务,目标记录属于当前个人空间；无记录时进入对应空态。,,"[""sourceRefs"", ""returnTo""]",承载映射；目标存在不证明运行闭环。具体入口可就近复用，不按host强制绕行。,portrait,portrait,understanding-gaps::difference,导航收敛到同一任务/对象；原动作意图保留,"portraitRevision,evidenceRefs,reflectionId",点节点去对应来源，回来保留视角；修正不改测量记录。,没有证据留白；矛盾并列，不强行综合为更准确。,结构映射，不是此旧动作已运行；精确实现以events.json与原型为准
understanding-gaps,explore,看看相关探索,navigate,explore,explore,跳到独立任务,目标记录属于当前个人空间；无记录时进入对应空态。,,"[""topicHint"", ""returnTo""]",承载映射；目标存在不证明运行闭环。具体入口可就近复用，不按host强制绕行。,portrait,explore,understanding-gaps::explore,导航收敛到同一任务/对象；原动作意图保留,"portraitRevision,evidenceRefs,reflectionId",点节点去对应来源，回来保留视角；修正不改测量记录。,没有证据留白；矛盾并列，不强行综合为更准确。,结构映射，不是此旧动作已运行；精确实现以events.json与原型为准
understanding-gaps,chat,向助理提问依据,navigate,conversation-detail,conversation-detail,跳到独立任务,目标记录属于当前个人空间；无记录时进入对应空态。 阅读本人有权访问的已存记录不请求AI；新对话或新回复须注册登录，且与AI分析共用额度。,,"[""draft=你目前对我的理解来自哪些依据？"", ""returnTo""]",承载映射；目标存在不证明运行闭环。具体入口可就近复用，不按host强制绕行。,portrait,conversation,understanding-gaps::chat,导航收敛到同一任务/对象；原动作意图保留,"portraitRevision,evidenceRefs,reflectionId",点节点去对应来源，回来保留视角；修正不改测量记录。,没有证据留白；矛盾并列，不强行综合为更准确。,结构映射，不是此旧动作已运行；精确实现以events.json与原型为准
insight-reconcile,save,保存这次澄清,event,,insight-reconcile,保留事件/确认语义,本人操作；仅变更当前设计预览中的示例状态。,reconcile_insight,"[""insightId"", ""sourceA"", ""sourceB"", ""revision"", ""reconcileChoice"", ""reconcileText""]",承载映射；目标存在不证明运行闭环。具体入口可就近复用，不按host强制绕行。,portrait,,insight-reconcile::save,保持动作语义，采用新版任务状态契约,"portraitRevision,evidenceRefs,reflectionId",点节点去对应来源，回来保留视角；修正不改测量记录。,没有证据留白；矛盾并列，不强行综合为更准确。,结构映射，不是此旧动作已运行；精确实现以events.json与原型为准
insight-reconcile,source,查看来源原文,navigate,memory-source,memory-source,短来源原位预览/直达原对象锚点；长材料或多源核对才独立来源页,目标记录属于当前个人空间；无记录时进入对应空态。,,"[""sourceRef"", ""returnTo""]",按typed sourceRef只给对应的原报告因子/原消息/原观察动作，不先经过包装页。,portrait,memories,insight-reconcile::source,导航收敛到同一任务/对象；原动作意图保留,"portraitRevision,evidenceRefs,reflectionId",点节点去对应来源，回来保留视角；修正不改测量记录。,没有证据留白；矛盾并列，不强行综合为更准确。,结构映射，不是此旧动作已运行；精确实现以events.json与原型为准
insight-reconcile,talk,先请助理帮我梳理,navigate,conversation-detail,conversation-detail,跳到独立任务,目标记录属于当前个人空间；无记录时进入对应空态。 阅读本人有权访问的已存记录不请求AI；新对话或新回复须注册登录，且与AI分析共用额度。,,"[""sourceA"", ""sourceB"", ""reconcileDraft"", ""returnTo""]",承载映射；目标存在不证明运行闭环。具体入口可就近复用，不按host强制绕行。,portrait,conversation,insight-reconcile::talk,导航收敛到同一任务/对象；原动作意图保留,"portraitRevision,evidenceRefs,reflectionId",点节点去对应来源，回来保留视角；修正不改测量记录。,没有证据留白；矛盾并列，不强行综合为更准确。,结构映射，不是此旧动作已运行；精确实现以events.json与原型为准
insight-reconcile,unknown,回到尚未明确的部分,navigate,understanding-gaps,my-portrait,原位展开/局部操作,目标记录属于当前个人空间；无记录时进入对应空态。,,"[""returnTo""]",承载映射；目标存在不证明运行闭环。具体入口可就近复用，不按host强制绕行。,portrait,portrait,insight-reconcile::unknown,导航收敛到同一任务/对象；原动作意图保留,"portraitRevision,evidenceRefs,reflectionId",点节点去对应来源，回来保留视角；修正不改测量记录。,没有证据留白；矛盾并列，不强行综合为更准确。,结构映射，不是此旧动作已运行；精确实现以events.json与原型为准
strength-experiment,experiment-node,展开实验中的一步,event,,action-edit,保留事件/确认语义,本人操作；仅变更当前设计预览中的示例状态。,select_experiment_step,"[""stepId"", ""actionId"", ""sourceRef""]",承载映射；目标存在不证明运行闭环。具体入口可就近复用，不按host强制绕行。,actions,,strength-experiment::experiment-node,保持动作语义，采用新版任务状态契约,"actionId,sourceRef,reviewId",回到原建议或列表；观察可以独立存在。,过期建议可标记；失败保存保留文字，不以连续天数评价用户。,结构映射，不是此旧动作已运行；精确实现以events.json与原型为准
strength-experiment,experiment-evidence,点开优势依据,navigate,portrait-insight,portrait-insight,跳到独立任务,目标记录属于当前个人空间；无记录时进入对应空态。,,"[""insightId"", ""sourceRefs"", ""returnTo""]",承载映射；目标存在不证明运行闭环。具体入口可就近复用，不按host强制绕行。,actions,portrait,strength-experiment::experiment-evidence,导航收敛到同一任务/对象；原动作意图保留,"actionId,sourceRef,reviewId",回到原建议或列表；观察可以独立存在。,过期建议可标记；失败保存保留文字，不以连续天数评价用户。,结构映射，不是此旧动作已运行；精确实现以events.json与原型为准
strength-experiment,save,保存这次实验设计,event,,action-edit,保留事件/确认语义,本人操作；仅变更当前设计预览中的示例状态。,save_strength_experiment,"[""insightId"", ""sourceRefs"", ""spaceId"", ""experimentContext"", ""experimentAction"", ""experimentBenefit"", ""experimentCost"", ""experimentDecision""]",承载映射；目标存在不证明运行闭环。具体入口可就近复用，不按host强制绕行。,actions,,strength-experiment::save,保持动作语义，采用新版任务状态契约,"actionId,sourceRef,reviewId",回到原建议或列表；观察可以独立存在。,过期建议可标记；失败保存保留文字，不以连续天数评价用户。,结构映射，不是此旧动作已运行；精确实现以events.json与原型为准
strength-experiment,action,查看对应小尝试,navigate,action-detail,action-detail,跳到独立任务,已保存实验并获得actionId。,,"[""actionId"", ""returnTo""]",承载映射；目标存在不证明运行闭环。具体入口可就近复用，不按host强制绕行。,actions,actions,strength-experiment::action,导航收敛到同一任务/对象；原动作意图保留,"actionId,sourceRef,reviewId",回到原建议或列表；观察可以独立存在。,过期建议可标记；失败保存保留文字，不以连续天数评价用户。,结构映射，不是此旧动作已运行；精确实现以events.json与原型为准
strength-experiment,observe,记录试过后的体验,navigate,observation-edit,observation-edit,跳到独立任务,本人确有一次实际经历，可独立记录但不伪造完成。,,"[""actionId"", ""insightId"", ""returnTo""]",承载映射；目标存在不证明运行闭环。具体入口可就近复用，不按host强制绕行。,actions,journal,strength-experiment::observe,导航收敛到同一任务/对象；原动作意图保留,"actionId,sourceRef,reviewId",回到原建议或列表；观察可以独立存在。,过期建议可标记；失败保存保留文字，不以连续天数评价用户。,结构映射，不是此旧动作已运行；精确实现以events.json与原型为准
strength-experiment,review,回看结果再修正认识,navigate,action-review,action-detail,同一承载内切换模式,目标记录属于当前个人空间；无记录时进入对应空态。,,"[""actionId"", ""insightId"", ""returnTo""]",承载映射；目标存在不证明运行闭环。具体入口可就近复用，不按host强制绕行。,actions,actions,strength-experiment::review,导航收敛到同一任务/对象；原动作意图保留,"actionId,sourceRef,reviewId",回到原建议或列表；观察可以独立存在。,过期建议可标记；失败保存保留文字，不以连续天数评价用户。,结构映射，不是此旧动作已运行；精确实现以events.json与原型为准
strength-experiment,source,先看看依据,navigate,portrait-insight,portrait-insight,跳到独立任务,目标记录属于当前个人空间；无记录时进入对应空态。,,"[""insightId"", ""returnTo""]",承载映射；目标存在不证明运行闭环。具体入口可就近复用，不按host强制绕行。,actions,portrait,strength-experiment::source,导航收敛到同一任务/对象；原动作意图保留,"actionId,sourceRef,reviewId",回到原建议或列表；观察可以独立存在。,过期建议可标记；失败保存保留文字，不以连续天数评价用户。,结构映射，不是此旧动作已运行；精确实现以events.json与原型为准
ai-analysis,start,确认并生成AI分析,event,,ai-analysis,保留事件/确认语义,已注册且已登录，账户未受限；输入与来源有效，模型服务可用，共用额度足够；没有同一未完成任务。,start_ai_analysis,"[""analysisSourceType"", ""resultId"", ""portraitRevision"", ""selectedSourceIds"", ""analysisFocus"", ""requestId"", ""taskId"", ""returnTo""]",承载映射；目标存在不证明运行闭环。具体入口可就近复用，不按host强制绕行。,analysis,,ai-analysis::start,保持动作语义，采用新版任务状态契约,"resultId,resultVersion,analysisId,requestId,sourceSnapshotId",关闭回报告同片段；读已生成结果不另扣次数。,原报告删除/撤回时晚到解析不能复活资料；失败仍可读原报告。,结构映射，不是此旧动作已运行；精确实现以events.json与原型为准
ai-analysis,login,注册或登录后继续,navigate,login,login,跳到独立任务,目标记录属于当前个人空间；无记录时进入对应空态。,,"[""returnTo=ai-analysis"", ""analysisSourceType"", ""resultId"", ""portraitRevision"", ""selectedSourceIds"", ""analysisFocus"", ""taskId""]",承载映射；目标存在不证明运行闭环。具体入口可就近复用，不按host强制绕行。,analysis,auth,ai-analysis::login,导航收敛到同一任务/对象；原动作意图保留,"resultId,resultVersion,analysisId,requestId,sourceSnapshotId",关闭回报告同片段；读已生成结果不另扣次数。,原报告删除/撤回时晚到解析不能复活资料；失败仍可读原报告。,结构映射，不是此旧动作已运行；精确实现以events.json与原型为准
ai-analysis,context,检查本次发送范围,event,context-preview,context-select,原位展开/局部操作,目标记录属于当前个人空间；无记录时进入对应空态。,open_inline,"[""returnTo=ai-analysis"", ""contextView=draft"", ""taskId"", ""analysisSourceType"", ""selectedSourceIds"", ""analysisFocus""]",承载映射；目标存在不证明运行闭环。具体入口可就近复用，不按host强制绕行。,analysis,context,ai-analysis::context,保持动作语义，采用新版任务状态契约,"resultId,resultVersion,analysisId,requestId,sourceSnapshotId",关闭回报告同片段；读已生成结果不另扣次数。,原报告删除/撤回时晚到解析不能复活资料；失败仍可读原报告。,结构映射，不是此旧动作已运行；精确实现以events.json与原型为准
ai-analysis,cancel,取消等待或停止展示,event,,ai-analysis,保留事件/确认语义,有当前本人任务，取消前核对是否已成功保存。,cancel_ai_analysis,"[""taskId"", ""requestId""]",承载映射；目标存在不证明运行闭环。具体入口可就近复用，不按host强制绕行。,analysis,,ai-analysis::cancel,保持动作语义，采用新版任务状态契约,"resultId,resultVersion,analysisId,requestId,sourceSnapshotId",关闭回报告同片段；读已生成结果不另扣次数。,原报告删除/撤回时晚到解析不能复活资料；失败仍可读原报告。,结构映射，不是此旧动作已运行；精确实现以events.json与原型为准
ai-analysis,resume,查询并找回本次分析,event,,ai-analysis,保留事件/确认语义,已登录同一账号，有待核对任务；只查询，不生成新分析。,resume_ai_analysis,"[""taskId"", ""requestId""]",承载映射；目标存在不证明运行闭环。具体入口可就近复用，不按host强制绕行。,analysis,,ai-analysis::resume,保持动作语义，采用新版任务状态契约,"resultId,resultVersion,analysisId,requestId,sourceSnapshotId",关闭回报告同片段；读已生成结果不另扣次数。,原报告删除/撤回时晚到解析不能复活资料；失败仍可读原报告。,结构映射，不是此旧动作已运行；精确实现以events.json与原型为准
ai-analysis,retry,重新查询任务状态,event,,ai-analysis,保留事件/确认语义,状态查询失败或未知；不得新建请求或重新生成。,retry_ai_analysis,"[""taskId"", ""requestId""]",承载映射；目标存在不证明运行闭环。具体入口可就近复用，不按host强制绕行。,analysis,,ai-analysis::retry,保持动作语义，采用新版任务状态契约,"resultId,resultVersion,analysisId,requestId,sourceSnapshotId",关闭回报告同片段；读已生成结果不另扣次数。,原报告删除/撤回时晚到解析不能复活资料；失败仍可读原报告。,结构映射，不是此旧动作已运行；精确实现以events.json与原型为准
ai-analysis,result,查看已完成分析,navigate,ai-analysis-result,ai-analysis-result,跳到独立任务,当前本人任务已成功保存；未完成不能伪装已生成。,,"[""taskId"", ""resultId"", ""returnTo""]",承载映射；目标存在不证明运行闭环。具体入口可就近复用，不按host强制绕行。,analysis,analysis,ai-analysis::result,导航收敛到同一任务/对象；原动作意图保留,"resultId,resultVersion,analysisId,requestId,sourceSnapshotId",关闭回报告同片段；读已生成结果不另扣次数。,原报告删除/撤回时晚到解析不能复活资料；失败仍可读原报告。,结构映射，不是此旧动作已运行；精确实现以events.json与原型为准
ai-analysis,quota,查看分析与对话共用次数,navigate,ai-quota,assistant,原位展开/局部操作,目标记录属于当前个人空间；无记录时进入对应空态。,,"[""taskId"", ""analysisSourceType"", ""analysisFocus"", ""returnTo=ai-analysis""]",承载映射；目标存在不证明运行闭环。具体入口可就近复用，不按host强制绕行。,analysis,usage,ai-analysis::quota,导航收敛到同一任务/对象；原动作意图保留,"resultId,resultVersion,analysisId,requestId,sourceSnapshotId",关闭回报告同片段；读已生成结果不另扣次数。,原报告删除/撤回时晚到解析不能复活资料；失败仍可读原报告。,结构映射，不是此旧动作已运行；精确实现以events.json与原型为准
ai-analysis,reports,先看本地报告,navigate,records,records,跳到独立任务,目标记录属于当前个人空间；无记录时进入对应空态。,,"[""returnTo""]",承载映射；目标存在不证明运行闭环。具体入口可就近复用，不按host强制绕行。,analysis,records,ai-analysis::reports,导航收敛到同一任务/对象；原动作意图保留,"resultId,resultVersion,analysisId,requestId,sourceSnapshotId",关闭回报告同片段；读已生成结果不另扣次数。,原报告删除/撤回时晚到解析不能复活资料；失败仍可读原报告。,结构映射，不是此旧动作已运行；精确实现以events.json与原型为准
ai-analysis,help,查看问题处理,navigate,help,help,跳到独立任务,目标记录属于当前个人空间；无记录时进入对应空态。,,"[""taskId"", ""requestId"", ""reason=ai-analysis""]",承载映射；目标存在不证明运行闭环。具体入口可就近复用，不按host强制绕行。,analysis,support,ai-analysis::help,导航收敛到同一任务/对象；原动作意图保留,"resultId,resultVersion,analysisId,requestId,sourceSnapshotId",关闭回报告同片段；读已生成结果不另扣次数。,原报告删除/撤回时晚到解析不能复活资料；失败仍可读原报告。,结构映射，不是此旧动作已运行；精确实现以events.json与原型为准
ai-analysis,refresh-access,重新检查AI可用状态,event,,ai-analysis,保留事件/确认语义,本人操作；仅变更当前设计预览中的示例状态。,refresh_ai_access,"[""pendingAiType"", ""taskId"", ""requestId"", ""analysisSourceType"", ""resultId"", ""portraitRevision"", ""selectedSourceIds"", ""analysisFocus"", ""conversationId"", ""draft"", ""contextView"", ""contextSnapshot"", ""returnTo""]",承载映射；目标存在不证明运行闭环。具体入口可就近复用，不按host强制绕行。,analysis,,ai-analysis::refresh-access,保持动作语义，采用新版任务状态契约,"resultId,resultVersion,analysisId,requestId,sourceSnapshotId",关闭回报告同片段；读已生成结果不另扣次数。,原报告删除/撤回时晚到解析不能复活资料；失败仍可读原报告。,结构映射，不是此旧动作已运行；精确实现以events.json与原型为准
ai-analysis-result,sources,看这次分析的依据,event,context-preview,context-select,原位展开/局部操作,目标记录属于当前个人空间；无记录时进入对应空态。,open_inline,"[""taskId"", ""requestId"", ""analysisId"", ""contextView=submitted"", ""contextSnapshot"", ""sourceVersions"", ""returnTo=ai-analysis-result""]",承载映射；目标存在不证明运行闭环。具体入口可就近复用，不按host强制绕行。,analysis,context,ai-analysis-result::sources,保持动作语义，采用新版任务状态契约,"resultId,resultVersion,analysisId,requestId,sourceSnapshotId",关闭回报告同片段；读已生成结果不另扣次数。,原报告删除/撤回时晚到解析不能复活资料；失败仍可读原报告。,结构映射，不是此旧动作已运行；精确实现以events.json与原型为准
ai-analysis-result,local-report,打开原始本地报告,navigate,report,report,跳到独立任务,原来源为本人可访问的报告；来源缺失则说明，不能造报告。,,"[""resultId"", ""returnTo=ai-analysis-result""]",承载映射；目标存在不证明运行闭环。具体入口可就近复用，不按host强制绕行。,analysis,report,ai-analysis-result::local-report,导航收敛到同一任务/对象；原动作意图保留,"resultId,resultVersion,analysisId,requestId,sourceSnapshotId",关闭回报告同片段；读已生成结果不另扣次数。,原报告删除/撤回时晚到解析不能复活资料；失败仍可读原报告。,结构映射，不是此旧动作已运行；精确实现以events.json与原型为准
ai-analysis-result,portrait,返回我的画像,navigate,my-portrait,my-portrait,跳到独立任务,目标记录属于当前个人空间；无记录时进入对应空态。,,"[""portraitRevision"", ""returnTo""]",承载映射；目标存在不证明运行闭环。具体入口可就近复用，不按host强制绕行。,analysis,portrait,ai-analysis-result::portrait,导航收敛到同一任务/对象；原动作意图保留,"resultId,resultVersion,analysisId,requestId,sourceSnapshotId",关闭回报告同片段；读已生成结果不另扣次数。,原报告删除/撤回时晚到解析不能复活资料；失败仍可读原报告。,结构映射，不是此旧动作已运行；精确实现以events.json与原型为准
ai-analysis-result,chat,围绕这份分析继续聊,navigate,conversation-detail,conversation-detail,跳到独立任务,可以带入草稿；新的AI回复必须已注册登录、账户及服务可用、共用额度足够。 阅读本人有权访问的已存记录不请求AI；新对话或新回复须注册登录，且与AI分析共用额度。,,"[""analysisId"", ""taskId"", ""newConversation"", ""returnTo""]",承载映射；目标存在不证明运行闭环。具体入口可就近复用，不按host强制绕行。,analysis,conversation,ai-analysis-result::chat,导航收敛到同一任务/对象；原动作意图保留,"resultId,resultVersion,analysisId,requestId,sourceSnapshotId",关闭回报告同片段；读已生成结果不另扣次数。,原报告删除/撤回时晚到解析不能复活资料；失败仍可读原报告。,结构映射，不是此旧动作已运行；精确实现以events.json与原型为准
ai-analysis-result,correct,补充或指出不符合之处,navigate,portrait-reflection,portrait-reflection,跳到独立任务,目标记录属于当前个人空间；无记录时进入对应空态。,,"[""analysisId"", ""taskId"", ""returnTo""]",承载映射；目标存在不证明运行闭环。具体入口可就近复用，不按host强制绕行。,analysis,portrait,ai-analysis-result::correct,导航收敛到同一任务/对象；原动作意图保留,"resultId,resultVersion,analysisId,requestId,sourceSnapshotId",关闭回报告同片段；读已生成结果不另扣次数。,原报告删除/撤回时晚到解析不能复活资料；失败仍可读原报告。,结构映射，不是此旧动作已运行；精确实现以events.json与原型为准
ai-analysis-result,memory,先确认要记住的内容,navigate,memory-inbox,memory-list,同一承载内切换模式,目标记录属于当前个人空间；无记录时进入对应空态。,,"[""analysisId"", ""taskId"", ""returnTo""]",承载映射；目标存在不证明运行闭环。具体入口可就近复用，不按host强制绕行。,analysis,memories,ai-analysis-result::memory,导航收敛到同一任务/对象；原动作意图保留,"resultId,resultVersion,analysisId,requestId,sourceSnapshotId",关闭回报告同片段；读已生成结果不另扣次数。,原报告删除/撤回时晚到解析不能复活资料；失败仍可读原报告。,结构映射，不是此旧动作已运行；精确实现以events.json与原型为准
ai-analysis-result,action,选择一个小尝试,navigate,action-edit,action-edit,跳到独立任务,目标记录属于当前个人空间；无记录时进入对应空态。,,"[""analysisId"", ""taskId"", ""returnTo""]",承载映射；目标存在不证明运行闭环。具体入口可就近复用，不按host强制绕行。,analysis,actions,ai-analysis-result::action,导航收敛到同一任务/对象；原动作意图保留,"resultId,resultVersion,analysisId,requestId,sourceSnapshotId",关闭回报告同片段；读已生成结果不另扣次数。,原报告删除/撤回时晚到解析不能复活资料；失败仍可读原报告。,结构映射，不是此旧动作已运行；精确实现以events.json与原型为准
ai-analysis-result,again,修改条件后再次分析,navigate,ai-analysis,ai-analysis,跳到独立任务,目标记录属于当前个人空间；无记录时进入对应空态。,,"[""analysisSourceType"", ""resultId"", ""portraitRevision"", ""analysisFocus"", ""newTask=true"", ""returnTo""]",承载映射；目标存在不证明运行闭环。具体入口可就近复用，不按host强制绕行。,analysis,analysis,ai-analysis-result::again,导航收敛到同一任务/对象；原动作意图保留,"resultId,resultVersion,analysisId,requestId,sourceSnapshotId",关闭回报告同片段；读已生成结果不另扣次数。,原报告删除/撤回时晚到解析不能复活资料；失败仍可读原报告。,结构映射，不是此旧动作已运行；精确实现以events.json与原型为准
ai-analysis-result,usage,查看本次计次记录,navigate,ai-usage-history,ai-usage-history,跳到独立任务,目标记录属于当前个人空间；无记录时进入对应空态。,,"[""usageType=analysis"", ""taskId"", ""requestId"", ""returnTo""]",承载映射；目标存在不证明运行闭环。具体入口可就近复用，不按host强制绕行。,analysis,usage,ai-analysis-result::usage,导航收敛到同一任务/对象；原动作意图保留,"resultId,resultVersion,analysisId,requestId,sourceSnapshotId",关闭回报告同片段；读已生成结果不另扣次数。,原报告删除/撤回时晚到解析不能复活资料；失败仍可读原报告。,结构映射，不是此旧动作已运行；精确实现以events.json与原型为准
ai-analysis-result,resume,回任务核对结果,navigate,ai-analysis,ai-analysis,跳到独立任务,目标记录属于当前个人空间；无记录时进入对应空态。,,"[""taskId"", ""requestId"", ""returnTo""]",承载映射；目标存在不证明运行闭环。具体入口可就近复用，不按host强制绕行。,analysis,analysis,ai-analysis-result::resume,导航收敛到同一任务/对象；原动作意图保留,"resultId,resultVersion,analysisId,requestId,sourceSnapshotId",关闭回报告同片段；读已生成结果不另扣次数。,原报告删除/撤回时晚到解析不能复活资料；失败仍可读原报告。,结构映射，不是此旧动作已运行；精确实现以events.json与原型为准
profile,go-profile-edit,编辑个人信息,navigate,profile-edit,profile-edit,跳到独立任务,目标内容存在；当前仅为设计预览,,[],承载映射；目标存在不证明运行闭环。具体入口可就近复用，不按host强制绕行。,me,me,profile::go-profile-edit,导航收敛到同一任务/对象；原动作意图保留,"spaceId,profileId,localStats",四Tab保存自身位置；去设置回来不丢状态。,无记录就留白，非零人格分；演示资料不混入真实画像。,结构映射，不是此旧动作已运行；精确实现以events.json与原型为准
profile,go-records,测评记录,navigate,records,records,跳到独立任务,目标内容存在；当前仅为设计预览,,[],承载映射；目标存在不证明运行闭环。具体入口可就近复用，不按host强制绕行。,me,records,profile::go-records,导航收敛到同一任务/对象；原动作意图保留,"spaceId,profileId,localStats",四Tab保存自身位置；去设置回来不丢状态。,无记录就留白，非零人格分；演示资料不混入真实画像。,结构映射，不是此旧动作已运行；精确实现以events.json与原型为准
profile,go-unfinished,继续未完成,navigate,unfinished,records,同一承载内切换模式,目标内容存在；当前仅为设计预览,,[],承载映射；目标存在不证明运行闭环。具体入口可就近复用，不按host强制绕行。,me,recovery,profile::go-unfinished,导航收敛到同一任务/对象；原动作意图保留,"spaceId,profileId,localStats",四Tab保存自身位置；去设置回来不丢状态。,无记录就留白，非零人格分；演示资料不混入真实画像。,结构映射，不是此旧动作已运行；精确实现以events.json与原型为准
profile,go-my-portrait,我的画像,navigate,my-portrait,my-portrait,跳到独立任务,目标内容存在；当前仅为设计预览,,[],承载映射；目标存在不证明运行闭环。具体入口可就近复用，不按host强制绕行。,me,portrait,profile::go-my-portrait,导航收敛到同一任务/对象；原动作意图保留,"spaceId,profileId,localStats",四Tab保存自身位置；去设置回来不丢状态。,无记录就留白，非零人格分；演示资料不混入真实画像。,结构映射，不是此旧动作已运行；精确实现以events.json与原型为准
profile,go-memory-list,我的记忆,navigate,memory-list,memory-list,跳到独立任务,目标内容存在；当前仅为设计预览,,[],承载映射；目标存在不证明运行闭环。具体入口可就近复用，不按host强制绕行。,me,memories,profile::go-memory-list,导航收敛到同一任务/对象；原动作意图保留,"spaceId,profileId,localStats",四Tab保存自身位置；去设置回来不丢状态。,无记录就留白，非零人格分；演示资料不混入真实画像。,结构映射，不是此旧动作已运行；精确实现以events.json与原型为准
profile,go-login,登录或创建账号,navigate,login,login,跳到独立任务,目标内容存在；当前仅为设计预览,,[],承载映射；目标存在不证明运行闭环。具体入口可就近复用，不按host强制绕行。,me,auth,profile::go-login,导航收敛到同一任务/对象；原动作意图保留,"spaceId,profileId,localStats",四Tab保存自身位置；去设置回来不丢状态。,无记录就留白，非零人格分；演示资料不混入真实画像。,结构映射，不是此旧动作已运行；精确实现以events.json与原型为准
profile,go-membership,会员与权益,navigate,membership,membership,跳到独立任务,目标内容存在；当前仅为设计预览,,[],承载映射；目标存在不证明运行闭环。具体入口可就近复用，不按host强制绕行。,me,membership,profile::go-membership,导航收敛到同一任务/对象；原动作意图保留,"spaceId,profileId,localStats",四Tab保存自身位置；去设置回来不丢状态。,无记录就留白，非零人格分；演示资料不混入真实画像。,结构映射，不是此旧动作已运行；精确实现以events.json与原型为准
profile,go-settings,设置,navigate,settings,settings,跳到独立任务,目标内容存在；当前仅为设计预览,,[],承载映射；目标存在不证明运行闭环。具体入口可就近复用，不按host强制绕行。,me,settings,profile::go-settings,导航收敛到同一任务/对象；原动作意图保留,"spaceId,profileId,localStats",四Tab保存自身位置；去设置回来不丢状态。,无记录就留白，非零人格分；演示资料不混入真实画像。,结构映射，不是此旧动作已运行；精确实现以events.json与原型为准
profile,go-data-center,数据管理,navigate,data-center,data-center,跳到独立任务,目标内容存在；当前仅为设计预览,,[],承载映射；目标存在不证明运行闭环。具体入口可就近复用，不按host强制绕行。,me,data,profile::go-data-center,导航收敛到同一任务/对象；原动作意图保留,"spaceId,profileId,localStats",四Tab保存自身位置；去设置回来不丢状态。,无记录就留白，非零人格分；演示资料不混入真实画像。,结构映射，不是此旧动作已运行；精确实现以events.json与原型为准
profile,go-help,帮助与反馈,navigate,help,help,跳到独立任务,目标内容存在；当前仅为设计预览,,[],承载映射；目标存在不证明运行闭环。具体入口可就近复用，不按host强制绕行。,me,support,profile::go-help,导航收敛到同一任务/对象；原动作意图保留,"spaceId,profileId,localStats",四Tab保存自身位置；去设置回来不丢状态。,无记录就留白，非零人格分；演示资料不混入真实画像。,结构映射，不是此旧动作已运行；精确实现以events.json与原型为准
welcome,go-home,先在本机开始,navigate,home,home,跳到独立任务,目标内容存在；当前仅为设计预览,,[],承载映射；目标存在不证明运行闭环。具体入口可就近复用，不按host强制绕行。,home,home,welcome::go-home,导航收敛到同一任务/对象；原动作意图保留,"spaceId,assessmentId,contentVersion,sessionId",四入口各自保留滚动位置与当前状态。,题源未就绪显示原因；访客不被登录拦截。,结构映射，不是此旧动作已运行；精确实现以events.json与原型为准
welcome,go-login,登录账号,navigate,login,login,跳到独立任务,目标内容存在；当前仅为设计预览,,[],承载映射；目标存在不证明运行闭环。具体入口可就近复用，不按host强制绕行。,home,auth,welcome::go-login,导航收敛到同一任务/对象；原动作意图保留,"spaceId,assessmentId,contentVersion,sessionId",四入口各自保留滚动位置与当前状态。,题源未就绪显示原因；访客不被登录拦截。,结构映射，不是此旧动作已运行；精确实现以events.json与原型为准
welcome,go-privacy,了解隐私,navigate,privacy,privacy,跳到独立任务,目标内容存在；当前仅为设计预览,,[],承载映射；目标存在不证明运行闭环。具体入口可就近复用，不按host强制绕行。,home,privacy,welcome::go-privacy,导航收敛到同一任务/对象；原动作意图保留,"spaceId,assessmentId,contentVersion,sessionId",四入口各自保留滚动位置与当前状态。,题源未就绪显示原因；访客不被登录拦截。,结构映射，不是此旧动作已运行；精确实现以events.json与原型为准
login,send_code,获取验证码,event,,login,保留事件/确认语义,演示手机号符合页面格式，协议由本人勾选；在线示例才进入取码步骤,send_code,"[""phone"", ""agreement"", ""purpose=login"", ""returnTo"", ""pendingAiType"", ""taskId"", ""requestId"", ""analysisSourceType"", ""resultId"", ""portraitRevision"", ""selectedSourceIds"", ""analysisFocus"", ""conversationId"", ""pendingDraft"", ""draft""]",承载映射；目标存在不证明运行闭环。具体入口可就近复用，不按host强制绕行。,auth,,login::send_code,保持动作语义，采用新版任务状态契约,"authFlowId,returnTarget,draftId,guestSpaceId,accountId",取消返回原稿；认证成功只恢复原操作，不自动请求AI。,认证过期/错误/恢复；切账号不自动搬资料或接收旧任务。,结构映射，不是此旧动作已运行；精确实现以events.json与原型为准
login,go-verify-code,输入验证码,navigate,verify-code,login,同一对象状态转换,当前已有完成手机号与协议确认的取码上下文；缺少时先回登录补齐,,"[""purpose=login"", ""returnTo"", ""pendingAiType"", ""taskId"", ""requestId"", ""analysisSourceType"", ""resultId"", ""portraitRevision"", ""selectedSourceIds"", ""analysisFocus"", ""conversationId"", ""pendingDraft"", ""draft""]",承载映射；目标存在不证明运行闭环。具体入口可就近复用，不按host强制绕行。,auth,auth,login::go-verify-code,导航收敛到同一任务/对象；原动作意图保留,"authFlowId,returnTarget,draftId,guestSpaceId,accountId",取消返回原稿；认证成功只恢复原操作，不自动请求AI。,认证过期/错误/恢复；切账号不自动搬资料或接收旧任务。,结构映射，不是此旧动作已运行；精确实现以events.json与原型为准
login,go-register,创建账号,navigate,register,login,同一承载内切换模式,目标内容存在；当前仅为设计预览,,"[""pendingAiType"", ""taskId"", ""requestId"", ""analysisSourceType"", ""resultId"", ""portraitRevision"", ""selectedSourceIds"", ""analysisFocus"", ""conversationId"", ""pendingDraft"", ""draft"", ""returnTo""]",承载映射；目标存在不证明运行闭环。具体入口可就近复用，不按host强制绕行。,auth,auth,login::go-register,导航收敛到同一任务/对象；原动作意图保留,"authFlowId,returnTarget,draftId,guestSpaceId,accountId",取消返回原稿；认证成功只恢复原操作，不自动请求AI。,认证过期/错误/恢复；切账号不自动搬资料或接收旧任务。,结构映射，不是此旧动作已运行；精确实现以events.json与原型为准
login,go-account-recovery,账号无法使用,navigate,account-recovery,account-recovery,跳到独立任务,目标内容存在；当前仅为设计预览,,"[""pendingAiType"", ""taskId"", ""requestId"", ""analysisSourceType"", ""resultId"", ""portraitRevision"", ""selectedSourceIds"", ""analysisFocus"", ""conversationId"", ""pendingDraft"", ""draft"", ""returnTo""]",承载映射；目标存在不证明运行闭环。具体入口可就近复用，不按host强制绕行。,auth,account,login::go-account-recovery,导航收敛到同一任务/对象；原动作意图保留,"authFlowId,returnTarget,draftId,guestSpaceId,accountId",取消返回原稿；认证成功只恢复原操作，不自动请求AI。,认证过期/错误/恢复；切账号不自动搬资料或接收旧任务。,结构映射，不是此旧动作已运行；精确实现以events.json与原型为准
login,go-profile,暂不登录,navigate,profile,profile,跳到独立任务,目标内容存在；当前仅为设计预览,,[],承载映射；目标存在不证明运行闭环。具体入口可就近复用，不按host强制绕行。,auth,me,login::go-profile,导航收敛到同一任务/对象；原动作意图保留,"authFlowId,returnTarget,draftId,guestSpaceId,accountId",取消返回原稿；认证成功只恢复原操作，不自动请求AI。,认证过期/错误/恢复；切账号不自动搬资料或接收旧任务。,结构映射，不是此旧动作已运行；精确实现以events.json与原型为准
login,go-terms,用户协议,navigate,terms,terms,跳到独立任务,目标内容存在；当前仅为设计预览,,[],承载映射；目标存在不证明运行闭环。具体入口可就近复用，不按host强制绕行。,auth,privacy,login::go-terms,导航收敛到同一任务/对象；原动作意图保留,"authFlowId,returnTarget,draftId,guestSpaceId,accountId",取消返回原稿；认证成功只恢复原操作，不自动请求AI。,认证过期/错误/恢复；切账号不自动搬资料或接收旧任务。,结构映射，不是此旧动作已运行；精确实现以events.json与原型为准
login,go-privacy-policy,隐私说明,navigate,privacy-policy,privacy-policy,跳到独立任务,目标内容存在；当前仅为设计预览,,[],承载映射；目标存在不证明运行闭环。具体入口可就近复用，不按host强制绕行。,auth,privacy,login::go-privacy-policy,导航收敛到同一任务/对象；原动作意图保留,"authFlowId,returnTarget,draftId,guestSpaceId,accountId",取消返回原稿；认证成功只恢复原操作，不自动请求AI。,认证过期/错误/恢复；切账号不自动搬资料或接收旧任务。,结构映射，不是此旧动作已运行；精确实现以events.json与原型为准
login,go-help,查看账号使用帮助,navigate,help,help,跳到独立任务,目标内容存在；当前仅为设计预览,,"[""reason=account-access"", ""returnTo""]",承载映射；目标存在不证明运行闭环。具体入口可就近复用，不按host强制绕行。,auth,support,login::go-help,导航收敛到同一任务/对象；原动作意图保留,"authFlowId,returnTarget,draftId,guestSpaceId,accountId",取消返回原稿；认证成功只恢复原操作，不自动请求AI。,认证过期/错误/恢复；切账号不自动搬资料或接收旧任务。,结构映射，不是此旧动作已运行；精确实现以events.json与原型为准
register,register_submit,获取注册验证码,event,,login,保留事件/确认语义,演示手机号与协议检查通过；昵称可留空；当前只进入取码步骤,register_submit,"[""phone"", ""nickname"", ""agreement"", ""purpose=register"", ""pendingAiType"", ""taskId"", ""requestId"", ""analysisSourceType"", ""resultId"", ""portraitRevision"", ""selectedSourceIds"", ""analysisFocus"", ""conversationId"", ""pendingDraft"", ""draft"", ""returnTo""]",承载映射；目标存在不证明运行闭环。具体入口可就近复用，不按host强制绕行。,auth,,register::register_submit,保持动作语义，采用新版任务状态契约,"authFlowId,returnTarget,draftId,guestSpaceId,accountId",取消返回原稿；认证成功只恢复原操作，不自动请求AI。,认证过期/错误/恢复；切账号不自动搬资料或接收旧任务。,结构映射，不是此旧动作已运行；精确实现以events.json与原型为准
register,go-verify-code,输入注册验证码,navigate,verify-code,login,同一对象状态转换,已有本次注册取码上下文；未确认手机号和协议时先补齐,,"[""purpose=register"", ""pendingAiType"", ""taskId"", ""requestId"", ""analysisSourceType"", ""resultId"", ""portraitRevision"", ""selectedSourceIds"", ""analysisFocus"", ""conversationId"", ""pendingDraft"", ""draft"", ""returnTo""]",承载映射；目标存在不证明运行闭环。具体入口可就近复用，不按host强制绕行。,auth,auth,register::go-verify-code,导航收敛到同一任务/对象；原动作意图保留,"authFlowId,returnTarget,draftId,guestSpaceId,accountId",取消返回原稿；认证成功只恢复原操作，不自动请求AI。,认证过期/错误/恢复；切账号不自动搬资料或接收旧任务。,结构映射，不是此旧动作已运行；精确实现以events.json与原型为准
register,go-login,已有账号，去登录,navigate,login,login,跳到独立任务,目标内容存在；当前仅为设计预览,,"[""pendingAiType"", ""taskId"", ""requestId"", ""analysisSourceType"", ""resultId"", ""portraitRevision"", ""selectedSourceIds"", ""analysisFocus"", ""conversationId"", ""pendingDraft"", ""draft"", ""returnTo""]",承载映射；目标存在不证明运行闭环。具体入口可就近复用，不按host强制绕行。,auth,auth,register::go-login,导航收敛到同一任务/对象；原动作意图保留,"authFlowId,returnTarget,draftId,guestSpaceId,accountId",取消返回原稿；认证成功只恢复原操作，不自动请求AI。,认证过期/错误/恢复；切账号不自动搬资料或接收旧任务。,结构映射，不是此旧动作已运行；精确实现以events.json与原型为准
register,go-privacy-policy,查看隐私说明,navigate,privacy-policy,privacy-policy,跳到独立任务,目标内容存在；当前仅为设计预览,,[],承载映射；目标存在不证明运行闭环。具体入口可就近复用，不按host强制绕行。,auth,privacy,register::go-privacy-policy,导航收敛到同一任务/对象；原动作意图保留,"authFlowId,returnTarget,draftId,guestSpaceId,accountId",取消返回原稿；认证成功只恢复原操作，不自动请求AI。,认证过期/错误/恢复；切账号不自动搬资料或接收旧任务。,结构映射，不是此旧动作已运行；精确实现以events.json与原型为准
register,go-help,查看账号使用帮助,navigate,help,help,跳到独立任务,目标内容存在；当前仅为设计预览,,"[""reason=account-access"", ""returnTo""]",承载映射；目标存在不证明运行闭环。具体入口可就近复用，不按host强制绕行。,auth,support,register::go-help,导航收敛到同一任务/对象；原动作意图保留,"authFlowId,returnTarget,draftId,guestSpaceId,accountId",取消返回原稿；认证成功只恢复原操作，不自动请求AI。,认证过期/错误/恢复；切账号不自动搬资料或接收旧任务。,结构映射，不是此旧动作已运行；精确实现以events.json与原型为准
verify-code,verify_code,验证并继续,event,,login,保留事件/确认语义,本次手机号、协议与验证目的完整；验证码符合本页演示条件；返回本身不算验证,verify_code,"[""code"", ""purpose"", ""authReturnTo"", ""returnTo"", ""pendingAiType"", ""taskId"", ""requestId"", ""analysisSourceType"", ""resultId"", ""portraitRevision"", ""selectedSourceIds"", ""analysisFocus"", ""conversationId"", ""pendingDraft"", ""draft""]",承载映射；目标存在不证明运行闭环。具体入口可就近复用，不按host强制绕行。,auth,,verify-code::verify_code,保持动作语义，采用新版任务状态契约,"authFlowId,returnTarget,draftId,guestSpaceId,accountId",取消返回原稿；认证成功只恢复原操作，不自动请求AI。,认证过期/错误/恢复；切账号不自动搬资料或接收旧任务。,结构映射，不是此旧动作已运行；精确实现以events.json与原型为准
verify-code,send_code,重新获取,event,,login,保留事件/确认语义,已有本次身份与目的，当前允许重发；演示不调用短信,send_code,"[""phone"", ""purpose"", ""pendingAiType"", ""taskId"", ""requestId"", ""analysisSourceType"", ""resultId"", ""portraitRevision"", ""selectedSourceIds"", ""analysisFocus"", ""conversationId"", ""pendingDraft"", ""draft"", ""returnTo""]",承载映射；目标存在不证明运行闭环。具体入口可就近复用，不按host强制绕行。,auth,,verify-code::send_code,保持动作语义，采用新版任务状态契约,"authFlowId,returnTarget,draftId,guestSpaceId,accountId",取消返回原稿；认证成功只恢复原操作，不自动请求AI。,认证过期/错误/恢复；切账号不自动搬资料或接收旧任务。,结构映射，不是此旧动作已运行；精确实现以events.json与原型为准
verify-code,go-login,修改手机号,navigate,login,login,跳到独立任务,目标内容存在；当前仅为设计预览,,"[""pendingAiType"", ""taskId"", ""requestId"", ""analysisSourceType"", ""resultId"", ""portraitRevision"", ""selectedSourceIds"", ""analysisFocus"", ""conversationId"", ""pendingDraft"", ""draft"", ""returnTo""]",承载映射；目标存在不证明运行闭环。具体入口可就近复用，不按host强制绕行。,auth,auth,verify-code::go-login,导航收敛到同一任务/对象；原动作意图保留,"authFlowId,returnTarget,draftId,guestSpaceId,accountId",取消返回原稿；认证成功只恢复原操作，不自动请求AI。,认证过期/错误/恢复；切账号不自动搬资料或接收旧任务。,结构映射，不是此旧动作已运行；精确实现以events.json与原型为准
verify-code,go-help,查看账号使用帮助,navigate,help,help,跳到独立任务,目标内容存在；当前仅为设计预览,,"[""reason=account-access"", ""returnTo""]",承载映射；目标存在不证明运行闭环。具体入口可就近复用，不按host强制绕行。,auth,support,verify-code::go-help,导航收敛到同一任务/对象；原动作意图保留,"authFlowId,returnTarget,draftId,guestSpaceId,accountId",取消返回原稿；认证成功只恢复原操作，不自动请求AI。,认证过期/错误/恢复；切账号不自动搬资料或接收旧任务。,结构映射，不是此旧动作已运行；精确实现以events.json与原型为准
account-recovery,go-verify-code,旧号码仍可用，去验证,navigate,verify-code,login,同一对象状态转换,目标内容存在；当前仅为设计预览,,"[""purpose=recovery"", ""pendingAiType"", ""taskId"", ""requestId"", ""analysisSourceType"", ""resultId"", ""portraitRevision"", ""selectedSourceIds"", ""analysisFocus"", ""conversationId"", ""pendingDraft"", ""draft"", ""returnTo""]",承载映射；目标存在不证明运行闭环。具体入口可就近复用，不按host强制绕行。,account,auth,account-recovery::go-verify-code,导航收敛到同一任务/对象；原动作意图保留,"accountId,spaceId,sessionTokenId,deletionRequestId",取消不删；退出不宣称已清理所有副本。,注销失败显示真实阶段；在途任务隔离；购买保留义务待实际规则。,结构映射，不是此旧动作已运行；精确实现以events.json与原型为准
account-recovery,go-feedback,提交恢复问题,navigate,feedback,feedback,跳到独立任务,目标内容存在；当前仅为设计预览,,"[""category=account-recovery""]",承载映射；目标存在不证明运行闭环。具体入口可就近复用，不按host强制绕行。,account,support,account-recovery::go-feedback,导航收敛到同一任务/对象；原动作意图保留,"accountId,spaceId,sessionTokenId,deletionRequestId",取消不删；退出不宣称已清理所有副本。,注销失败显示真实阶段；在途任务隔离；购买保留义务待实际规则。,结构映射，不是此旧动作已运行；精确实现以events.json与原型为准
account-recovery,go-purchase-restore,找回购买权益,navigate,purchase-restore,membership,原位展开/局部操作,目标内容存在；当前仅为设计预览,,[],承载映射；目标存在不证明运行闭环。具体入口可就近复用，不按host强制绕行。,account,membership,account-recovery::go-purchase-restore,导航收敛到同一任务/对象；原动作意图保留,"accountId,spaceId,sessionTokenId,deletionRequestId",取消不删；退出不宣称已清理所有副本。,注销失败显示真实阶段；在途任务隔离；购买保留义务待实际规则。,结构映射，不是此旧动作已运行；精确实现以events.json与原型为准
account-recovery,go-login,回到登录,navigate,login,login,跳到独立任务,目标内容存在；当前仅为设计预览,,"[""pendingAiType"", ""taskId"", ""requestId"", ""analysisSourceType"", ""resultId"", ""portraitRevision"", ""selectedSourceIds"", ""analysisFocus"", ""conversationId"", ""pendingDraft"", ""draft"", ""returnTo""]",承载映射；目标存在不证明运行闭环。具体入口可就近复用，不按host强制绕行。,account,auth,account-recovery::go-login,导航收敛到同一任务/对象；原动作意图保留,"accountId,spaceId,sessionTokenId,deletionRequestId",取消不删；退出不宣称已清理所有副本。,注销失败显示真实阶段；在途任务隔离；购买保留义务待实际规则。,结构映射，不是此旧动作已运行；精确实现以events.json与原型为准
account-recovery,go-help,查看账号帮助,navigate,help,help,跳到独立任务,目标内容存在；当前仅为设计预览,,"[""reason=account-restricted"", ""returnTo""]",承载映射；目标存在不证明运行闭环。具体入口可就近复用，不按host强制绕行。,account,support,account-recovery::go-help,导航收敛到同一任务/对象；原动作意图保留,"accountId,spaceId,sessionTokenId,deletionRequestId",取消不删；退出不宣称已清理所有副本。,注销失败显示真实阶段；在途任务隔离；购买保留义务待实际规则。,结构映射，不是此旧动作已运行；精确实现以events.json与原型为准
account-security,go-account-recovery,验证或恢复身份,navigate,account-recovery,account-recovery,跳到独立任务,目标内容存在；当前仅为设计预览,,[],承载映射；目标存在不证明运行闭环。具体入口可就近复用，不按host强制绕行。,account,account,account-security::go-account-recovery,导航收敛到同一任务/对象；原动作意图保留,"accountId,spaceId,sessionTokenId,deletionRequestId",取消不删；退出不宣称已清理所有副本。,注销失败显示真实阶段；在途任务隔离；购买保留义务待实际规则。,结构映射，不是此旧动作已运行；精确实现以events.json与原型为准
account-security,logout,退出登录,dialog,,account-security,保留事件/确认语义,通过本页必填项检查；只操作演示状态,logout,[],承载映射；目标存在不证明运行闭环。具体入口可就近复用，不按host强制绕行。,account,,account-security::logout,保持动作语义，采用新版任务状态契约,"accountId,spaceId,sessionTokenId,deletionRequestId",取消不删；退出不宣称已清理所有副本。,注销失败显示真实阶段；在途任务隔离；购买保留义务待实际规则。,结构映射，不是此旧动作已运行；精确实现以events.json与原型为准
account-security,go-data-center,管理本机数据,navigate,data-center,data-center,跳到独立任务,目标内容存在；当前仅为设计预览,,[],承载映射；目标存在不证明运行闭环。具体入口可就近复用，不按host强制绕行。,account,data,account-security::go-data-center,导航收敛到同一任务/对象；原动作意图保留,"accountId,spaceId,sessionTokenId,deletionRequestId",取消不删；退出不宣称已清理所有副本。,注销失败显示真实阶段；在途任务隔离；购买保留义务待实际规则。,结构映射，不是此旧动作已运行；精确实现以events.json与原型为准
account-security,go-account-delete,注销账号,navigate,account-delete,account-delete,跳到独立任务,目标内容存在；当前仅为设计预览,,[],承载映射；目标存在不证明运行闭环。具体入口可就近复用，不按host强制绕行。,account,account,account-security::go-account-delete,导航收敛到同一任务/对象；原动作意图保留,"accountId,spaceId,sessionTokenId,deletionRequestId",取消不删；退出不宣称已清理所有副本。,注销失败显示真实阶段；在途任务隔离；购买保留义务待实际规则。,结构映射，不是此旧动作已运行；精确实现以events.json与原型为准
account-delete,go-data-export,先导出我的资料,navigate,data-export,data-export,跳到独立任务,目标内容存在；当前仅为设计预览,,[],承载映射；目标存在不证明运行闭环。具体入口可就近复用，不按host强制绕行。,account,data,account-delete::go-data-export,导航收敛到同一任务/对象；原动作意图保留,"accountId,spaceId,sessionTokenId,deletionRequestId",取消不删；退出不宣称已清理所有副本。,注销失败显示真实阶段；在途任务隔离；购买保留义务待实际规则。,结构映射，不是此旧动作已运行；精确实现以events.json与原型为准
account-delete,go-orders,查看订单与退款,navigate,orders,orders,跳到独立任务,目标内容存在；当前仅为设计预览,,[],承载映射；目标存在不证明运行闭环。具体入口可就近复用，不按host强制绕行。,account,orders,account-delete::go-orders,导航收敛到同一任务/对象；原动作意图保留,"accountId,spaceId,sessionTokenId,deletionRequestId",取消不删；退出不宣称已清理所有副本。,注销失败显示真实阶段；在途任务隔离；购买保留义务待实际规则。,结构映射，不是此旧动作已运行；精确实现以events.json与原型为准
account-delete,request_account_delete,提交注销申请（演示）,dialog,,account-delete,保留事件/确认语义,当前演示身份已登录且 acknowledgeDelete 已由本人勾选；缺一项不得提交,request_account_delete,"[""acknowledgeDelete""]",承载映射；目标存在不证明运行闭环。具体入口可就近复用，不按host强制绕行。,account,,account-delete::request_account_delete,保持动作语义，采用新版任务状态契约,"accountId,spaceId,sessionTokenId,deletionRequestId",取消不删；退出不宣称已清理所有副本。,注销失败显示真实阶段；在途任务隔离；购买保留义务待实际规则。,结构映射，不是此旧动作已运行；精确实现以events.json与原型为准
account-delete,go-account-security,保留账号并返回,navigate,account-security,account-security,跳到独立任务,目标内容存在；当前仅为设计预览,,[],承载映射；目标存在不证明运行闭环。具体入口可就近复用，不按host强制绕行。,account,account,account-delete::go-account-security,导航收敛到同一任务/对象；原动作意图保留,"accountId,spaceId,sessionTokenId,deletionRequestId",取消不删；退出不宣称已清理所有副本。,注销失败显示真实阶段；在途任务隔离；购买保留义务待实际规则。,结构映射，不是此旧动作已运行；精确实现以events.json与原型为准
profile-edit,save_profile,保存个人信息,event,,profile-edit,保留事件/确认语义,通过本页必填项检查；只操作演示状态,save_profile,"[""nickname"", ""lifeStage"", ""focus"", ""communicationPreference""]",承载映射；目标存在不证明运行闭环。具体入口可就近复用，不按host强制绕行。,me,,profile-edit::save_profile,保持动作语义，采用新版任务状态契约,"spaceId,profileId,localStats",四Tab保存自身位置；去设置回来不丢状态。,无记录就留白，非零人格分；演示资料不混入真实画像。,结构映射，不是此旧动作已运行；精确实现以events.json与原型为准
profile-edit,go-avatar,更换形象,navigate,avatar,avatar,跳到独立任务,目标内容存在；当前仅为设计预览,,[],承载映射；目标存在不证明运行闭环。具体入口可就近复用，不按host强制绕行。,me,appearance,profile-edit::go-avatar,导航收敛到同一任务/对象；原动作意图保留,"spaceId,profileId,localStats",四Tab保存自身位置；去设置回来不丢状态。,无记录就留白，非零人格分；演示资料不混入真实画像。,结构映射，不是此旧动作已运行；精确实现以events.json与原型为准
profile-edit,go-my-portrait,查看我的画像,navigate,my-portrait,my-portrait,跳到独立任务,目标内容存在；当前仅为设计预览,,[],承载映射；目标存在不证明运行闭环。具体入口可就近复用，不按host强制绕行。,me,portrait,profile-edit::go-my-portrait,导航收敛到同一任务/对象；原动作意图保留,"spaceId,profileId,localStats",四Tab保存自身位置；去设置回来不丢状态。,无记录就留白，非零人格分；演示资料不混入真实画像。,结构映射，不是此旧动作已运行；精确实现以events.json与原型为准
profile-edit,go-profile,返回我的,navigate,profile,profile,跳到独立任务,目标内容存在；当前仅为设计预览,,[],承载映射；目标存在不证明运行闭环。具体入口可就近复用，不按host强制绕行。,me,me,profile-edit::go-profile,导航收敛到同一任务/对象；原动作意图保留,"spaceId,profileId,localStats",四Tab保存自身位置；去设置回来不丢状态。,无记录就留白，非零人格分；演示资料不混入真实画像。,结构映射，不是此旧动作已运行；精确实现以events.json与原型为准
settings,go-theme,主题与呼吸效果,navigate,theme,theme,跳到独立任务,目标内容存在；当前仅为设计预览,,[],承载映射；目标存在不证明运行闭环。具体入口可就近复用，不按host强制绕行。,settings,appearance,settings::go-theme,导航收敛到同一任务/对象；原动作意图保留,"preferencesRevision,fontScale,motionPreference",应用即保留，有失败提示；回原位置。,系统字体/动态优先级明确；拒绝无关权限不影响本地任务。,结构映射，不是此旧动作已运行；精确实现以events.json与原型为准
settings,go-display-settings,字号与可访问性,event,display-settings,settings,原位展开/局部操作,目标内容存在；当前仅为设计预览,open_inline,[],承载映射；目标存在不证明运行闭环。具体入口可就近复用，不按host强制绕行。,settings,settings,settings::go-display-settings,保持动作语义，采用新版任务状态契约,"preferencesRevision,fontScale,motionPreference",应用即保留，有失败提示；回原位置。,系统字体/动态优先级明确；拒绝无关权限不影响本地任务。,结构映射，不是此旧动作已运行；精确实现以events.json与原型为准
settings,go-avatar,自己的形象,navigate,avatar,avatar,跳到独立任务,目标内容存在；当前仅为设计预览,,[],承载映射；目标存在不证明运行闭环。具体入口可就近复用，不按host强制绕行。,settings,appearance,settings::go-avatar,导航收敛到同一任务/对象；原动作意图保留,"preferencesRevision,fontScale,motionPreference",应用即保留，有失败提示；回原位置。,系统字体/动态优先级明确；拒绝无关权限不影响本地任务。,结构映射，不是此旧动作已运行；精确实现以events.json与原型为准
settings,go-ai-settings,助理设置,event,ai-settings,settings,原位展开/局部操作,目标内容存在；当前仅为设计预览,open_inline,[],承载映射；目标存在不证明运行闭环。具体入口可就近复用，不按host强制绕行。,settings,settings,settings::go-ai-settings,保持动作语义，采用新版任务状态契约,"preferencesRevision,fontScale,motionPreference",应用即保留，有失败提示；回原位置。,系统字体/动态优先级明确；拒绝无关权限不影响本地任务。,结构映射，不是此旧动作已运行；精确实现以events.json与原型为准
settings,go-notification-settings,通知偏好,event,notification-settings,settings,原位展开/局部操作,目标内容存在；当前仅为设计预览,open_inline,[],承载映射；目标存在不证明运行闭环。具体入口可就近复用，不按host强制绕行。,settings,reminders,settings::go-notification-settings,保持动作语义，采用新版任务状态契约,"preferencesRevision,fontScale,motionPreference",应用即保留，有失败提示；回原位置。,系统字体/动态优先级明确；拒绝无关权限不影响本地任务。,结构映射，不是此旧动作已运行；精确实现以events.json与原型为准
settings,go-account-security,账号与安全,navigate,account-security,account-security,跳到独立任务,目标内容存在；当前仅为设计预览,,[],承载映射；目标存在不证明运行闭环。具体入口可就近复用，不按host强制绕行。,settings,account,settings::go-account-security,导航收敛到同一任务/对象；原动作意图保留,"preferencesRevision,fontScale,motionPreference",应用即保留，有失败提示；回原位置。,系统字体/动态优先级明确；拒绝无关权限不影响本地任务。,结构映射，不是此旧动作已运行；精确实现以events.json与原型为准
settings,go-permission-settings,系统权限,navigate,permission-settings,privacy,原位展开/局部操作,目标内容存在；当前仅为设计预览,,[],承载映射；目标存在不证明运行闭环。具体入口可就近复用，不按host强制绕行。,settings,privacy,settings::go-permission-settings,导航收敛到同一任务/对象；原动作意图保留,"preferencesRevision,fontScale,motionPreference",应用即保留，有失败提示；回原位置。,系统字体/动态优先级明确；拒绝无关权限不影响本地任务。,结构映射，不是此旧动作已运行；精确实现以events.json与原型为准
settings,go-data-center,数据管理,navigate,data-center,data-center,跳到独立任务,目标内容存在；当前仅为设计预览,,[],承载映射；目标存在不证明运行闭环。具体入口可就近复用，不按host强制绕行。,settings,data,settings::go-data-center,导航收敛到同一任务/对象；原动作意图保留,"preferencesRevision,fontScale,motionPreference",应用即保留，有失败提示；回原位置。,系统字体/动态优先级明确；拒绝无关权限不影响本地任务。,结构映射，不是此旧动作已运行；精确实现以events.json与原型为准
settings,go-help,帮助与反馈,navigate,help,help,跳到独立任务,目标内容存在；当前仅为设计预览,,[],承载映射；目标存在不证明运行闭环。具体入口可就近复用，不按host强制绕行。,settings,support,settings::go-help,导航收敛到同一任务/对象；原动作意图保留,"preferencesRevision,fontScale,motionPreference",应用即保留，有失败提示；回原位置。,系统字体/动态优先级明确；拒绝无关权限不影响本地任务。,结构映射，不是此旧动作已运行；精确实现以events.json与原型为准
settings,go-about,关于产品,event,about,help,原位展开/局部操作,目标内容存在；当前仅为设计预览,open_inline,[],承载映射；目标存在不证明运行闭环。具体入口可就近复用，不按host强制绕行。,settings,support,settings::go-about,保持动作语义，采用新版任务状态契约,"preferencesRevision,fontScale,motionPreference",应用即保留，有失败提示；回原位置。,系统字体/动态优先级明确；拒绝无关权限不影响本地任务。,结构映射，不是此旧动作已运行；精确实现以events.json与原型为准
theme,apply_theme,应用主题,event,,theme,保留事件/确认语义,通过本页必填项检查；只操作演示状态,apply_theme,"[""theme"", ""breathing""]",承载映射；目标存在不证明运行闭环。具体入口可就近复用，不按host强制绕行。,appearance,,theme::apply_theme,保持动作语义，采用新版任务状态契约,"themeId,avatarPresetId,motionPreference",取消层不改其他偏好；改变外观不重启答卷。,减少动态保留静态色彩；缺失素材回默认外观但不动业务数据。,结构映射，不是此旧动作已运行；精确实现以events.json与原型为准
theme,go-home,回首页看效果,navigate,home,home,跳到独立任务,目标内容存在；当前仅为设计预览,,[],承载映射；目标存在不证明运行闭环。具体入口可就近复用，不按host强制绕行。,appearance,home,theme::go-home,导航收敛到同一任务/对象；原动作意图保留,"themeId,avatarPresetId,motionPreference",取消层不改其他偏好；改变外观不重启答卷。,减少动态保留静态色彩；缺失素材回默认外观但不动业务数据。,结构映射，不是此旧动作已运行；精确实现以events.json与原型为准
theme,go-display-settings,阅读与字号,event,display-settings,settings,原位展开/局部操作,目标内容存在；当前仅为设计预览,open_inline,[],承载映射；目标存在不证明运行闭环。具体入口可就近复用，不按host强制绕行。,appearance,settings,theme::go-display-settings,保持动作语义，采用新版任务状态契约,"themeId,avatarPresetId,motionPreference",取消层不改其他偏好；改变外观不重启答卷。,减少动态保留静态色彩；缺失素材回默认外观但不动业务数据。,结构映射，不是此旧动作已运行；精确实现以events.json与原型为准
avatar,change_avatar,使用这个形象,event,,avatar,保留事件/确认语义,当前已有明确选中的预设；应用所选项，不自动换到下一个,change_avatar,"[""avatar""]",承载映射；目标存在不证明运行闭环。具体入口可就近复用，不按host强制绕行。,appearance,,avatar::change_avatar,保持动作语义，采用新版任务状态契约,"themeId,avatarPresetId,motionPreference",取消层不改其他偏好；改变外观不重启答卷。,减少动态保留静态色彩；缺失素材回默认外观但不动业务数据。,结构映射，不是此旧动作已运行；精确实现以events.json与原型为准
avatar,go-avatar-editor,预览部件编辑方案,navigate,avatar-editor,avatar,同一承载内切换模式,目标内容存在；当前仅为设计预览,,[],承载映射；目标存在不证明运行闭环。具体入口可就近复用，不按host强制绕行。,appearance,appearance,avatar::go-avatar-editor,导航收敛到同一任务/对象；原动作意图保留,"themeId,avatarPresetId,motionPreference",取消层不改其他偏好；改变外观不重启答卷。,减少动态保留静态色彩；缺失素材回默认外观但不动业务数据。,结构映射，不是此旧动作已运行；精确实现以events.json与原型为准
avatar,go-home,回首页看看,navigate,home,home,跳到独立任务,目标内容存在；当前仅为设计预览,,[],承载映射；目标存在不证明运行闭环。具体入口可就近复用，不按host强制绕行。,appearance,home,avatar::go-home,导航收敛到同一任务/对象；原动作意图保留,"themeId,avatarPresetId,motionPreference",取消层不改其他偏好；改变外观不重启答卷。,减少动态保留静态色彩；缺失素材回默认外观但不动业务数据。,结构映射，不是此旧动作已运行；精确实现以events.json与原型为准
avatar-editor,save_avatar_preferences,保存外观偏好草稿,event,,avatar,保留事件/确认语义,通过本页必填项检查；只操作演示状态,save_avatar_preferences,"[""hair"", ""shirt""]",承载映射；目标存在不证明运行闭环。具体入口可就近复用，不按host强制绕行。,appearance,,avatar-editor::save_avatar_preferences,保持动作语义，采用新版任务状态契约,"themeId,avatarPresetId,motionPreference",取消层不改其他偏好；改变外观不重启答卷。,减少动态保留静态色彩；缺失素材回默认外观但不动业务数据。,结构映射，不是此旧动作已运行；精确实现以events.json与原型为准
avatar-editor,go-avatar,继续使用现有预设,navigate,avatar,avatar,跳到独立任务,目标内容存在；当前仅为设计预览,,[],承载映射；目标存在不证明运行闭环。具体入口可就近复用，不按host强制绕行。,appearance,appearance,avatar-editor::go-avatar,导航收敛到同一任务/对象；原动作意图保留,"themeId,avatarPresetId,motionPreference",取消层不改其他偏好；改变外观不重启答卷。,减少动态保留静态色彩；缺失素材回默认外观但不动业务数据。,结构映射，不是此旧动作已运行；精确实现以events.json与原型为准
display-settings,save_display,保存阅读偏好,event,,settings,保留事件/确认语义,通过本页必填项检查；只操作演示状态,save_display,"[""fontSize"", ""reduceMotion""]",承载映射；目标存在不证明运行闭环。具体入口可就近复用，不按host强制绕行。,settings,,display-settings::save_display,保持动作语义，采用新版任务状态契约,"preferencesRevision,fontScale,motionPreference",应用即保留，有失败提示；回原位置。,系统字体/动态优先级明确；拒绝无关权限不影响本地任务。,结构映射，不是此旧动作已运行；精确实现以events.json与原型为准
display-settings,go-report,查看报告阅读效果,navigate,report,report,跳到独立任务,目标内容存在；当前仅为设计预览,,[],承载映射；目标存在不证明运行闭环。具体入口可就近复用，不按host强制绕行。,settings,report,display-settings::go-report,导航收敛到同一任务/对象；原动作意图保留,"preferencesRevision,fontScale,motionPreference",应用即保留，有失败提示；回原位置。,系统字体/动态优先级明确；拒绝无关权限不影响本地任务。,结构映射，不是此旧动作已运行；精确实现以events.json与原型为准
display-settings,go-theme,主题与呼吸效果,navigate,theme,theme,跳到独立任务,目标内容存在；当前仅为设计预览,,[],承载映射；目标存在不证明运行闭环。具体入口可就近复用，不按host强制绕行。,settings,appearance,display-settings::go-theme,导航收敛到同一任务/对象；原动作意图保留,"preferencesRevision,fontScale,motionPreference",应用即保留，有失败提示；回原位置。,系统字体/动态优先级明确；拒绝无关权限不影响本地任务。,结构映射，不是此旧动作已运行；精确实现以events.json与原型为准
notification-settings,save_notification_preferences,保存通知偏好,event,,settings,保留事件/确认语义,通过本页必填项检查；只操作演示状态,save_notification_preferences,"[""daily"", ""review"", ""privacyPreview"", ""quietHours""]",承载映射；目标存在不证明运行闭环。具体入口可就近复用，不按host强制绕行。,reminders,,notification-settings::save_notification_preferences,保持动作语义，采用新版任务状态契约,"reminderId,actionId,notificationPermission",关闭只停止提醒，不删除行动或观察。,拒绝权限不挡离线记录；系统没授权不能说已开启。,结构映射，不是此旧动作已运行；精确实现以events.json与原型为准
notification-settings,go-permission-settings,查看系统权限,navigate,permission-settings,privacy,原位展开/局部操作,目标内容存在；当前仅为设计预览,,[],承载映射；目标存在不证明运行闭环。具体入口可就近复用，不按host强制绕行。,reminders,privacy,notification-settings::go-permission-settings,导航收敛到同一任务/对象；原动作意图保留,"reminderId,actionId,notificationPermission",关闭只停止提醒，不删除行动或观察。,拒绝权限不挡离线记录；系统没授权不能说已开启。,结构映射，不是此旧动作已运行；精确实现以events.json与原型为准
notification-settings,go-notifications,查看消息,navigate,notifications,notifications,跳到独立任务,目标内容存在；当前仅为设计预览,,[],承载映射；目标存在不证明运行闭环。具体入口可就近复用，不按host强制绕行。,reminders,notifications,notification-settings::go-notifications,导航收敛到同一任务/对象；原动作意图保留,"reminderId,actionId,notificationPermission",关闭只停止提醒，不删除行动或观察。,拒绝权限不挡离线记录；系统没授权不能说已开启。,结构映射，不是此旧动作已运行；精确实现以events.json与原型为准
privacy,go-memory-list,管理我的记忆,navigate,memory-list,memory-list,跳到独立任务,目标内容存在；当前仅为设计预览,,[],承载映射；目标存在不证明运行闭环。具体入口可就近复用，不按host强制绕行。,privacy,memories,privacy::go-memory-list,导航收敛到同一任务/对象；原动作意图保留,"accountId,consentRevision,retentionPolicy,sourceGrantId",不开权限仍可用本地资料；关闭聊天留存不自动删除旧聊天。,撤回需作用于新/在途任务；供应商实际留存未明不能虚构承诺。,结构映射，不是此旧动作已运行；精确实现以events.json与原型为准
privacy,go-ai-settings,助理与引用设置,event,ai-settings,settings,原位展开/局部操作,目标内容存在；当前仅为设计预览,open_inline,[],承载映射；目标存在不证明运行闭环。具体入口可就近复用，不按host强制绕行。,privacy,settings,privacy::go-ai-settings,保持动作语义，采用新版任务状态契约,"accountId,consentRevision,retentionPolicy,sourceGrantId",不开权限仍可用本地资料；关闭聊天留存不自动删除旧聊天。,撤回需作用于新/在途任务；供应商实际留存未明不能虚构承诺。,结构映射，不是此旧动作已运行；精确实现以events.json与原型为准
privacy,go-context-select,本次发给 AI 的资料,navigate,context-select,context-select,单一当前来源显示可移除引用卡；增减多来源才进入完整选择,目标内容存在；当前仅为设计预览,,[],选择资料本身不请求AI；保留草稿和可取消返回。,privacy,context,privacy::go-context-select,导航收敛到同一任务/对象；原动作意图保留,"accountId,consentRevision,retentionPolicy,sourceGrantId",不开权限仍可用本地资料；关闭聊天留存不自动删除旧聊天。,撤回需作用于新/在途任务；供应商实际留存未明不能虚构承诺。,结构映射，不是此旧动作已运行；精确实现以events.json与原型为准
privacy,go-data-center,管理个人数据,navigate,data-center,data-center,跳到独立任务,目标内容存在；当前仅为设计预览,,[],承载映射；目标存在不证明运行闭环。具体入口可就近复用，不按host强制绕行。,privacy,data,privacy::go-data-center,导航收敛到同一任务/对象；原动作意图保留,"accountId,consentRevision,retentionPolicy,sourceGrantId",不开权限仍可用本地资料；关闭聊天留存不自动删除旧聊天。,撤回需作用于新/在途任务；供应商实际留存未明不能虚构承诺。,结构映射，不是此旧动作已运行；精确实现以events.json与原型为准
privacy,go-permission-settings,系统权限,navigate,permission-settings,privacy,原位展开/局部操作,目标内容存在；当前仅为设计预览,,[],承载映射；目标存在不证明运行闭环。具体入口可就近复用，不按host强制绕行。,privacy,privacy,privacy::go-permission-settings,导航收敛到同一任务/对象；原动作意图保留,"accountId,consentRevision,retentionPolicy,sourceGrantId",不开权限仍可用本地资料；关闭聊天留存不自动删除旧聊天。,撤回需作用于新/在途任务；供应商实际留存未明不能虚构承诺。,结构映射，不是此旧动作已运行；精确实现以events.json与原型为准
privacy,go-privacy-policy,阅读隐私说明,navigate,privacy-policy,privacy-policy,跳到独立任务,目标内容存在；当前仅为设计预览,,[],承载映射；目标存在不证明运行闭环。具体入口可就近复用，不按host强制绕行。,privacy,privacy,privacy::go-privacy-policy,导航收敛到同一任务/对象；原动作意图保留,"accountId,consentRevision,retentionPolicy,sourceGrantId",不开权限仍可用本地资料；关闭聊天留存不自动删除旧聊天。,撤回需作用于新/在途任务；供应商实际留存未明不能虚构承诺。,结构映射，不是此旧动作已运行；精确实现以events.json与原型为准
privacy,go-account-delete,账号注销,navigate,account-delete,account-delete,跳到独立任务,目标内容存在；当前仅为设计预览,,[],承载映射；目标存在不证明运行闭环。具体入口可就近复用，不按host强制绕行。,privacy,account,privacy::go-account-delete,导航收敛到同一任务/对象；原动作意图保留,"accountId,consentRevision,retentionPolicy,sourceGrantId",不开权限仍可用本地资料；关闭聊天留存不自动删除旧聊天。,撤回需作用于新/在途任务；供应商实际留存未明不能虚构承诺。,结构映射，不是此旧动作已运行；精确实现以events.json与原型为准
privacy-policy,go-data-center,进入数据管理,navigate,data-center,data-center,跳到独立任务,目标内容存在；当前仅为设计预览,,[],承载映射；目标存在不证明运行闭环。具体入口可就近复用，不按host强制绕行。,privacy,data,privacy-policy::go-data-center,导航收敛到同一任务/对象；原动作意图保留,"accountId,consentRevision,retentionPolicy,sourceGrantId",不开权限仍可用本地资料；关闭聊天留存不自动删除旧聊天。,撤回需作用于新/在途任务；供应商实际留存未明不能虚构承诺。,结构映射，不是此旧动作已运行；精确实现以events.json与原型为准
privacy-policy,go-permission-settings,查看系统权限,navigate,permission-settings,privacy,原位展开/局部操作,目标内容存在；当前仅为设计预览,,[],承载映射；目标存在不证明运行闭环。具体入口可就近复用，不按host强制绕行。,privacy,privacy,privacy-policy::go-permission-settings,导航收敛到同一任务/对象；原动作意图保留,"accountId,consentRevision,retentionPolicy,sourceGrantId",不开权限仍可用本地资料；关闭聊天留存不自动删除旧聊天。,撤回需作用于新/在途任务；供应商实际留存未明不能虚构承诺。,结构映射，不是此旧动作已运行；精确实现以events.json与原型为准
privacy-policy,go-privacy,返回隐私中心,navigate,privacy,privacy,跳到独立任务,目标内容存在；当前仅为设计预览,,[],承载映射；目标存在不证明运行闭环。具体入口可就近复用，不按host强制绕行。,privacy,privacy,privacy-policy::go-privacy,导航收敛到同一任务/对象；原动作意图保留,"accountId,consentRevision,retentionPolicy,sourceGrantId",不开权限仍可用本地资料；关闭聊天留存不自动删除旧聊天。,撤回需作用于新/在途任务；供应商实际留存未明不能虚构承诺。,结构映射，不是此旧动作已运行；精确实现以events.json与原型为准
terms,go-membership,查看会员权益,navigate,membership,membership,跳到独立任务,目标内容存在；当前仅为设计预览,,[],承载映射；目标存在不证明运行闭环。具体入口可就近复用，不按host强制绕行。,privacy,membership,terms::go-membership,导航收敛到同一任务/对象；原动作意图保留,"accountId,consentRevision,retentionPolicy,sourceGrantId",不开权限仍可用本地资料；关闭聊天留存不自动删除旧聊天。,撤回需作用于新/在途任务；供应商实际留存未明不能虚构承诺。,结构映射，不是此旧动作已运行；精确实现以events.json与原型为准
terms,go-privacy-policy,隐私说明,navigate,privacy-policy,privacy-policy,跳到独立任务,目标内容存在；当前仅为设计预览,,[],承载映射；目标存在不证明运行闭环。具体入口可就近复用，不按host强制绕行。,privacy,privacy,terms::go-privacy-policy,导航收敛到同一任务/对象；原动作意图保留,"accountId,consentRevision,retentionPolicy,sourceGrantId",不开权限仍可用本地资料；关闭聊天留存不自动删除旧聊天。,撤回需作用于新/在途任务；供应商实际留存未明不能虚构承诺。,结构映射，不是此旧动作已运行；精确实现以events.json与原型为准
terms,go-login,返回登录,navigate,login,login,跳到独立任务,目标内容存在；当前仅为设计预览,,[],承载映射；目标存在不证明运行闭环。具体入口可就近复用，不按host强制绕行。,privacy,auth,terms::go-login,导航收敛到同一任务/对象；原动作意图保留,"accountId,consentRevision,retentionPolicy,sourceGrantId",不开权限仍可用本地资料；关闭聊天留存不自动删除旧聊天。,撤回需作用于新/在途任务；供应商实际留存未明不能虚构承诺。,结构映射，不是此旧动作已运行；精确实现以events.json与原型为准
permission-settings,open_system_permissions,打开系统权限（演示）,system,,privacy,保留事件/确认语义,通过本页必填项检查；只操作演示状态,open_system_permissions,[],承载映射；目标存在不证明运行闭环。具体入口可就近复用，不按host强制绕行。,privacy,,permission-settings::open_system_permissions,保持动作语义，采用新版任务状态契约,"accountId,consentRevision,retentionPolicy,sourceGrantId",不开权限仍可用本地资料；关闭聊天留存不自动删除旧聊天。,撤回需作用于新/在途任务；供应商实际留存未明不能虚构承诺。,结构映射，不是此旧动作已运行；精确实现以events.json与原型为准
permission-settings,go-notification-settings,通知偏好,event,notification-settings,settings,原位展开/局部操作,目标内容存在；当前仅为设计预览,open_inline,[],承载映射；目标存在不证明运行闭环。具体入口可就近复用，不按host强制绕行。,privacy,reminders,permission-settings::go-notification-settings,保持动作语义，采用新版任务状态契约,"accountId,consentRevision,retentionPolicy,sourceGrantId",不开权限仍可用本地资料；关闭聊天留存不自动删除旧聊天。,撤回需作用于新/在途任务；供应商实际留存未明不能虚构承诺。,结构映射，不是此旧动作已运行；精确实现以events.json与原型为准
permission-settings,go-assistant,回到助理文字输入,navigate,assistant,assistant,跳到独立任务,目标内容存在；当前仅为设计预览,,[],承载映射；目标存在不证明运行闭环。具体入口可就近复用，不按host强制绕行。,privacy,assistant,permission-settings::go-assistant,导航收敛到同一任务/对象；原动作意图保留,"accountId,consentRevision,retentionPolicy,sourceGrantId",不开权限仍可用本地资料；关闭聊天留存不自动删除旧聊天。,撤回需作用于新/在途任务；供应商实际留存未明不能虚构承诺。,结构映射，不是此旧动作已运行；精确实现以events.json与原型为准
data-center,go-data-export,导出我的资料,navigate,data-export,data-export,跳到独立任务,目标内容存在；当前仅为设计预览,,[],承载映射；目标存在不证明运行闭环。具体入口可就近复用，不按host强制绕行。,data,data,data-center::go-data-export,导航收敛到同一任务/对象；原动作意图保留,"spaceId,exportId,manifestVersion,deleteScope,importBatchId",取消不写；导出可验证文件；清理前范围和不可撤回可见。,存储不足、格式不符、冲突需回滚；不假报已下载或已清空云端。,结构映射，不是此旧动作已运行；精确实现以events.json与原型为准
data-center,go-content-download,本地题包与下载,navigate,content-download,content-library,同一对象状态转换,目标内容存在；当前仅为设计预览,,[],承载映射；目标存在不证明运行闭环。具体入口可就近复用，不按host强制绕行。,data,content,data-center::go-content-download,导航收敛到同一任务/对象；原动作意图保留,"spaceId,exportId,manifestVersion,deleteScope,importBatchId",取消不写；导出可验证文件；清理前范围和不可撤回可见。,存储不足、格式不符、冲突需回滚；不假报已下载或已清空云端。,结构映射，不是此旧动作已运行；精确实现以events.json与原型为准
data-center,go-data-import,从备份导入,navigate,data-import,data-import,跳到独立任务,目标内容存在；当前仅为设计预览,,[],承载映射；目标存在不证明运行闭环。具体入口可就近复用，不按host强制绕行。,data,data,data-center::go-data-import,导航收敛到同一任务/对象；原动作意图保留,"spaceId,exportId,manifestVersion,deleteScope,importBatchId",取消不写；导出可验证文件；清理前范围和不可撤回可见。,存储不足、格式不符、冲突需回滚；不假报已下载或已清空云端。,结构映射，不是此旧动作已运行；精确实现以events.json与原型为准
data-center,go-backup-sync,备份与同步方案,navigate,backup-sync,data-center,原位展开/局部操作,目标内容存在；当前仅为设计预览,,[],承载映射；目标存在不证明运行闭环。具体入口可就近复用，不按host强制绕行。,data,sync,data-center::go-backup-sync,导航收敛到同一任务/对象；原动作意图保留,"spaceId,exportId,manifestVersion,deleteScope,importBatchId",取消不写；导出可验证文件；清理前范围和不可撤回可见。,存储不足、格式不符、冲突需回滚；不假报已下载或已清空云端。,结构映射，不是此旧动作已运行；精确实现以events.json与原型为准
data-center,go-clear-data,清理本机数据,navigate,clear-data,clear-data,跳到独立任务,目标内容存在；当前仅为设计预览,,[],承载映射；目标存在不证明运行闭环。具体入口可就近复用，不按host强制绕行。,data,data,data-center::go-clear-data,导航收敛到同一任务/对象；原动作意图保留,"spaceId,exportId,manifestVersion,deleteScope,importBatchId",取消不写；导出可验证文件；清理前范围和不可撤回可见。,存储不足、格式不符、冲突需回滚；不假报已下载或已清空云端。,结构映射，不是此旧动作已运行；精确实现以events.json与原型为准
data-center,choose_guest_data,游客资料归属,dialog,,data-center,保留事件/确认语义,当前已登录；必须选择具体去向，单纯关闭弹层不改变归属,choose_guest_data,[],承载映射；目标存在不证明运行闭环。具体入口可就近复用，不按host强制绕行。,data,,data-center::choose_guest_data,保持动作语义，采用新版任务状态契约,"spaceId,exportId,manifestVersion,deleteScope,importBatchId",取消不写；导出可验证文件；清理前范围和不可撤回可见。,存储不足、格式不符、冲突需回滚；不假报已下载或已清空云端。,结构映射，不是此旧动作已运行；精确实现以events.json与原型为准
data-center,go-memory-list,管理记忆,navigate,memory-list,memory-list,跳到独立任务,目标内容存在；当前仅为设计预览,,[],承载映射；目标存在不证明运行闭环。具体入口可就近复用，不按host强制绕行。,data,memories,data-center::go-memory-list,导航收敛到同一任务/对象；原动作意图保留,"spaceId,exportId,manifestVersion,deleteScope,importBatchId",取消不写；导出可验证文件；清理前范围和不可撤回可见。,存储不足、格式不符、冲突需回滚；不假报已下载或已清空云端。,结构映射，不是此旧动作已运行；精确实现以events.json与原型为准
data-center,go-privacy-policy,隐私说明,navigate,privacy-policy,privacy-policy,跳到独立任务,目标内容存在；当前仅为设计预览,,[],承载映射；目标存在不证明运行闭环。具体入口可就近复用，不按host强制绕行。,data,privacy,data-center::go-privacy-policy,导航收敛到同一任务/对象；原动作意图保留,"spaceId,exportId,manifestVersion,deleteScope,importBatchId",取消不写；导出可验证文件；清理前范围和不可撤回可见。,存储不足、格式不符、冲突需回滚；不假报已下载或已清空云端。,结构映射，不是此旧动作已运行；精确实现以events.json与原型为准
data-export,preview_export,预览导出范围,event,,data-export,保留事件/确认语义,至少勾选一个类别；不使用默认全选,preview_export,"[""exportAnswers"", ""exportReports"", ""exportChats"", ""exportMemory""]",承载映射；目标存在不证明运行闭环。具体入口可就近复用，不按host强制绕行。,data,,data-export::preview_export,保持动作语义，采用新版任务状态契约,"spaceId,exportId,manifestVersion,deleteScope,importBatchId",取消不写；导出可验证文件；清理前范围和不可撤回可见。,存储不足、格式不符、冲突需回滚；不假报已下载或已清空云端。,结构映射，不是此旧动作已运行；精确实现以events.json与原型为准
data-export,export_data,生成演示导出,event,,data-export,保留事件/确认语义,至少勾选一类且已核对同一选择范围；修改勾选后需重新预览,export_data,[],承载映射；目标存在不证明运行闭环。具体入口可就近复用，不按host强制绕行。,data,,data-export::export_data,保持动作语义，采用新版任务状态契约,"spaceId,exportId,manifestVersion,deleteScope,importBatchId",取消不写；导出可验证文件；清理前范围和不可撤回可见。,存储不足、格式不符、冲突需回滚；不假报已下载或已清空云端。,结构映射，不是此旧动作已运行；精确实现以events.json与原型为准
data-export,go-data-center,返回数据管理,navigate,data-center,data-center,跳到独立任务,目标内容存在；当前仅为设计预览,,[],承载映射；目标存在不证明运行闭环。具体入口可就近复用，不按host强制绕行。,data,data,data-export::go-data-center,导航收敛到同一任务/对象；原动作意图保留,"spaceId,exportId,manifestVersion,deleteScope,importBatchId",取消不写；导出可验证文件；清理前范围和不可撤回可见。,存储不足、格式不符、冲突需回滚；不假报已下载或已清空云端。,结构映射，不是此旧动作已运行；精确实现以events.json与原型为准
data-import,import_data,加载演示备份,event,,data-import,保留事件/确认语义,已选择本次导入策略；当前仅载入示例摘要，不读取或覆盖真实文件,import_data,"[""importMode""]",承载映射；目标存在不证明运行闭环。具体入口可就近复用，不按host强制绕行。,data,,data-import::import_data,保持动作语义，采用新版任务状态契约,"spaceId,exportId,manifestVersion,deleteScope,importBatchId",取消不写；导出可验证文件；清理前范围和不可撤回可见。,存储不足、格式不符、冲突需回滚；不假报已下载或已清空云端。,结构映射，不是此旧动作已运行；精确实现以events.json与原型为准
data-import,go-sync-conflicts,查看冲突处理,navigate,sync-conflicts,sync-conflicts,跳到独立任务,目标内容存在；当前仅为设计预览,,[],承载映射；目标存在不证明运行闭环。具体入口可就近复用，不按host强制绕行。,data,sync,data-import::go-sync-conflicts,导航收敛到同一任务/对象；原动作意图保留,"spaceId,exportId,manifestVersion,deleteScope,importBatchId",取消不写；导出可验证文件；清理前范围和不可撤回可见。,存储不足、格式不符、冲突需回滚；不假报已下载或已清空云端。,结构映射，不是此旧动作已运行；精确实现以events.json与原型为准
data-import,go-data-export,先导出现有资料,navigate,data-export,data-export,跳到独立任务,目标内容存在；当前仅为设计预览,,[],承载映射；目标存在不证明运行闭环。具体入口可就近复用，不按host强制绕行。,data,data,data-import::go-data-export,导航收敛到同一任务/对象；原动作意图保留,"spaceId,exportId,manifestVersion,deleteScope,importBatchId",取消不写；导出可验证文件；清理前范围和不可撤回可见。,存储不足、格式不符、冲突需回滚；不假报已下载或已清空云端。,结构映射，不是此旧动作已运行；精确实现以events.json与原型为准
data-import,go-data-center,返回数据管理,navigate,data-center,data-center,跳到独立任务,目标内容存在；当前仅为设计预览,,[],承载映射；目标存在不证明运行闭环。具体入口可就近复用，不按host强制绕行。,data,data,data-import::go-data-center,导航收敛到同一任务/对象；原动作意图保留,"spaceId,exportId,manifestVersion,deleteScope,importBatchId",取消不写；导出可验证文件；清理前范围和不可撤回可见。,存储不足、格式不符、冲突需回滚；不假报已下载或已清空云端。,结构映射，不是此旧动作已运行；精确实现以events.json与原型为准
backup-sync,save_backup_preferences,保存备份偏好草稿,event,,data-center,保留事件/确认语义,通过本页必填项检查；只操作演示状态,save_backup_preferences,"[""backupMode""]",承载映射；目标存在不证明运行闭环。具体入口可就近复用，不按host强制绕行。,sync,,backup-sync::save_backup_preferences,保持动作语义，采用新版任务状态契约,"backupId,syncCursor,conflictId,spaceId,revision",取消保留两份版本；成功返回明确逐项结果。,离线删除墓碑必须传播；不可复活已删；授权拒绝可继续本地。,结构映射，不是此旧动作已运行；精确实现以events.json与原型为准
backup-sync,go-data-export,先做本地导出,navigate,data-export,data-export,跳到独立任务,目标内容存在；当前仅为设计预览,,[],承载映射；目标存在不证明运行闭环。具体入口可就近复用，不按host强制绕行。,sync,data,backup-sync::go-data-export,导航收敛到同一任务/对象；原动作意图保留,"backupId,syncCursor,conflictId,spaceId,revision",取消保留两份版本；成功返回明确逐项结果。,离线删除墓碑必须传播；不可复活已删；授权拒绝可继续本地。,结构映射，不是此旧动作已运行；精确实现以events.json与原型为准
backup-sync,go-sync-conflicts,查看冲突方案,navigate,sync-conflicts,sync-conflicts,跳到独立任务,目标内容存在；当前仅为设计预览,,[],承载映射；目标存在不证明运行闭环。具体入口可就近复用，不按host强制绕行。,sync,sync,backup-sync::go-sync-conflicts,导航收敛到同一任务/对象；原动作意图保留,"backupId,syncCursor,conflictId,spaceId,revision",取消保留两份版本；成功返回明确逐项结果。,离线删除墓碑必须传播；不可复活已删；授权拒绝可继续本地。,结构映射，不是此旧动作已运行；精确实现以events.json与原型为准
backup-sync,go-privacy,了解隐私,navigate,privacy,privacy,跳到独立任务,目标内容存在；当前仅为设计预览,,[],承载映射；目标存在不证明运行闭环。具体入口可就近复用，不按host强制绕行。,sync,privacy,backup-sync::go-privacy,导航收敛到同一任务/对象；原动作意图保留,"backupId,syncCursor,conflictId,spaceId,revision",取消保留两份版本；成功返回明确逐项结果。,离线删除墓碑必须传播；不可复活已删；授权拒绝可继续本地。,结构映射，不是此旧动作已运行；精确实现以events.json与原型为准
sync-conflicts,keep_local_version,保留本机版本,event,,sync-conflicts,保留事件/确认语义,通过本页必填项检查；只操作演示状态,keep_local_version,[],承载映射；目标存在不证明运行闭环。具体入口可就近复用，不按host强制绕行。,sync,,sync-conflicts::keep_local_version,保持动作语义，采用新版任务状态契约,"backupId,syncCursor,conflictId,spaceId,revision",取消保留两份版本；成功返回明确逐项结果。,离线删除墓碑必须传播；不可复活已删；授权拒绝可继续本地。,结构映射，不是此旧动作已运行；精确实现以events.json与原型为准
sync-conflicts,use_imported_version,采用导入版本,event,,sync-conflicts,保留事件/确认语义,通过本页必填项检查；只操作演示状态,use_imported_version,[],承载映射；目标存在不证明运行闭环。具体入口可就近复用，不按host强制绕行。,sync,,sync-conflicts::use_imported_version,保持动作语义，采用新版任务状态契约,"backupId,syncCursor,conflictId,spaceId,revision",取消保留两份版本；成功返回明确逐项结果。,离线删除墓碑必须传播；不可复活已删；授权拒绝可继续本地。,结构映射，不是此旧动作已运行；精确实现以events.json与原型为准
sync-conflicts,keep_both_versions,暂时保留两份,event,,sync-conflicts,保留事件/确认语义,通过本页必填项检查；只操作演示状态,keep_both_versions,[],承载映射；目标存在不证明运行闭环。具体入口可就近复用，不按host强制绕行。,sync,,sync-conflicts::keep_both_versions,保持动作语义，采用新版任务状态契约,"backupId,syncCursor,conflictId,spaceId,revision",取消保留两份版本；成功返回明确逐项结果。,离线删除墓碑必须传播；不可复活已删；授权拒绝可继续本地。,结构映射，不是此旧动作已运行；精确实现以events.json与原型为准
sync-conflicts,go-data-import,返回导入,navigate,data-import,data-import,跳到独立任务,目标内容存在；当前仅为设计预览,,[],承载映射；目标存在不证明运行闭环。具体入口可就近复用，不按host强制绕行。,sync,data,sync-conflicts::go-data-import,导航收敛到同一任务/对象；原动作意图保留,"backupId,syncCursor,conflictId,spaceId,revision",取消保留两份版本；成功返回明确逐项结果。,离线删除墓碑必须传播；不可复活已删；授权拒绝可继续本地。,结构映射，不是此旧动作已运行；精确实现以events.json与原型为准
clear-data,clear_cache,清理演示缓存,event,,clear-data,保留事件/确认语义,通过本页必填项检查；只操作演示状态,clear_cache,[],承载映射；目标存在不证明运行闭环。具体入口可就近复用，不按host强制绕行。,data,,clear-data::clear_cache,保持动作语义，采用新版任务状态契约,"spaceId,exportId,manifestVersion,deleteScope,importBatchId",取消不写；导出可验证文件；清理前范围和不可撤回可见。,存储不足、格式不符、冲突需回滚；不假报已下载或已清空云端。,结构映射，不是此旧动作已运行；精确实现以events.json与原型为准
clear-data,go-data-export,先导出资料,navigate,data-export,data-export,跳到独立任务,目标内容存在；当前仅为设计预览,,[],承载映射；目标存在不证明运行闭环。具体入口可就近复用，不按host强制绕行。,data,data,clear-data::go-data-export,导航收敛到同一任务/对象；原动作意图保留,"spaceId,exportId,manifestVersion,deleteScope,importBatchId",取消不写；导出可验证文件；清理前范围和不可撤回可见。,存储不足、格式不符、冲突需回滚；不假报已下载或已清空云端。,结构映射，不是此旧动作已运行；精确实现以events.json与原型为准
clear-data,delete_local_data,删除所选演示资料,dialog,,clear-data,保留事件/确认语义,deleteCategory 不为空且不为不删除个人资料；确认弹层列明同一实际选择,delete_local_data,"[""deleteCategory""]",承载映射；目标存在不证明运行闭环。具体入口可就近复用，不按host强制绕行。,data,,clear-data::delete_local_data,保持动作语义，采用新版任务状态契约,"spaceId,exportId,manifestVersion,deleteScope,importBatchId",取消不写；导出可验证文件；清理前范围和不可撤回可见。,存储不足、格式不符、冲突需回滚；不假报已下载或已清空云端。,结构映射，不是此旧动作已运行；精确实现以events.json与原型为准
clear-data,go-data-center,取消并返回,navigate,data-center,data-center,跳到独立任务,目标内容存在；当前仅为设计预览,,[],承载映射；目标存在不证明运行闭环。具体入口可就近复用，不按host强制绕行。,data,data,clear-data::go-data-center,导航收敛到同一任务/对象；原动作意图保留,"spaceId,exportId,manifestVersion,deleteScope,importBatchId",取消不写；导出可验证文件；清理前范围和不可撤回可见。,存储不足、格式不符、冲突需回滚；不假报已下载或已清空云端。,结构映射，不是此旧动作已运行；精确实现以events.json与原型为准
help,go-help-article,答题恢复说明,event,help-article,help,原位展开/局部操作,目标内容存在；当前仅为设计预览,open_inline,"[""articleId=resume""]",承载映射；目标存在不证明运行闭环。具体入口可就近复用，不按host强制绕行。,support,support,help::go-help-article,保持动作语义，采用新版任务状态契约,"articleId,feedbackId,attachmentScope,status",返回原故障任务；不要求先交私人内容才能查常见问题。,无真实接收渠道只导出本机反馈文件；失败保留内容。,结构映射，不是此旧动作已运行；精确实现以events.json与原型为准
help,go-ai-quota,AI 次数说明,navigate,ai-quota,assistant,原位展开/局部操作,目标内容存在；当前仅为设计预览,,[],承载映射；目标存在不证明运行闭环。具体入口可就近复用，不按host强制绕行。,support,usage,help::go-ai-quota,导航收敛到同一任务/对象；原动作意图保留,"articleId,feedbackId,attachmentScope,status",返回原故障任务；不要求先交私人内容才能查常见问题。,无真实接收渠道只导出本机反馈文件；失败保留内容。,结构映射，不是此旧动作已运行；精确实现以events.json与原型为准
help,go-feedback,提交反馈,navigate,feedback,feedback,跳到独立任务,目标内容存在；当前仅为设计预览,,[],承载映射；目标存在不证明运行闭环。具体入口可就近复用，不按host强制绕行。,support,support,help::go-feedback,导航收敛到同一任务/对象；原动作意图保留,"articleId,feedbackId,attachmentScope,status",返回原故障任务；不要求先交私人内容才能查常见问题。,无真实接收渠道只导出本机反馈文件；失败保留内容。,结构映射，不是此旧动作已运行；精确实现以events.json与原型为准
help,go-feedback-detail,查看反馈进度,navigate,feedback-detail,feedback-detail,跳到独立任务,目标内容存在；当前仅为设计预览,,[],承载映射；目标存在不证明运行闭环。具体入口可就近复用，不按host强制绕行。,support,support,help::go-feedback-detail,导航收敛到同一任务/对象；原动作意图保留,"articleId,feedbackId,attachmentScope,status",返回原故障任务；不要求先交私人内容才能查常见问题。,无真实接收渠道只导出本机反馈文件；失败保留内容。,结构映射，不是此旧动作已运行；精确实现以events.json与原型为准
help,go-orders,购买与订单,navigate,orders,orders,跳到独立任务,目标内容存在；当前仅为设计预览,,[],承载映射；目标存在不证明运行闭环。具体入口可就近复用，不按host强制绕行。,support,orders,help::go-orders,导航收敛到同一任务/对象；原动作意图保留,"articleId,feedbackId,attachmentScope,status",返回原故障任务；不要求先交私人内容才能查常见问题。,无真实接收渠道只导出本机反馈文件；失败保留内容。,结构映射，不是此旧动作已运行；精确实现以events.json与原型为准
help,go-about,关于产品,event,about,help,原位展开/局部操作,目标内容存在；当前仅为设计预览,open_inline,[],承载映射；目标存在不证明运行闭环。具体入口可就近复用，不按host强制绕行。,support,support,help::go-about,保持动作语义，采用新版任务状态契约,"articleId,feedbackId,attachmentScope,status",返回原故障任务；不要求先交私人内容才能查常见问题。,无真实接收渠道只导出本机反馈文件；失败保留内容。,结构映射，不是此旧动作已运行；精确实现以events.json与原型为准
help-article,go-unfinished,查看未完成记录,navigate,unfinished,records,同一承载内切换模式,目标内容存在；当前仅为设计预览,,[],承载映射；目标存在不证明运行闭环。具体入口可就近复用，不按host强制绕行。,support,recovery,help-article::go-unfinished,导航收敛到同一任务/对象；原动作意图保留,"articleId,feedbackId,attachmentScope,status",返回原故障任务；不要求先交私人内容才能查常见问题。,无真实接收渠道只导出本机反馈文件；失败保留内容。,结构映射，不是此旧动作已运行；精确实现以events.json与原型为准
help-article,go-feedback,仍有问题，提交反馈,navigate,feedback,feedback,跳到独立任务,目标内容存在；当前仅为设计预览,,"[""articleId"", ""category=resume""]",承载映射；目标存在不证明运行闭环。具体入口可就近复用，不按host强制绕行。,support,support,help-article::go-feedback,导航收敛到同一任务/对象；原动作意图保留,"articleId,feedbackId,attachmentScope,status",返回原故障任务；不要求先交私人内容才能查常见问题。,无真实接收渠道只导出本机反馈文件；失败保留内容。,结构映射，不是此旧动作已运行；精确实现以events.json与原型为准
help-article,go-help,返回帮助,navigate,help,help,跳到独立任务,目标内容存在；当前仅为设计预览,,[],承载映射；目标存在不证明运行闭环。具体入口可就近复用，不按host强制绕行。,support,support,help-article::go-help,导航收敛到同一任务/对象；原动作意图保留,"articleId,feedbackId,attachmentScope,status",返回原故障任务；不要求先交私人内容才能查常见问题。,无真实接收渠道只导出本机反馈文件；失败保留内容。,结构映射，不是此旧动作已运行；精确实现以events.json与原型为准
feedback,submit_feedback,提交演示反馈,event,,feedback,保留事件/确认语义,通过本页必填项检查；只操作演示状态,submit_feedback,"[""category"", ""feedbackText"", ""contact"", ""includeDiagnostics""]",承载映射；目标存在不证明运行闭环。具体入口可就近复用，不按host强制绕行。,support,,feedback::submit_feedback,保持动作语义，采用新版任务状态契约,"articleId,feedbackId,attachmentScope,status",返回原故障任务；不要求先交私人内容才能查常见问题。,无真实接收渠道只导出本机反馈文件；失败保留内容。,结构映射，不是此旧动作已运行；精确实现以events.json与原型为准
feedback,go-feedback-detail,查看反馈进度,navigate,feedback-detail,feedback-detail,跳到独立任务,目标内容存在；当前仅为设计预览,,[],承载映射；目标存在不证明运行闭环。具体入口可就近复用，不按host强制绕行。,support,support,feedback::go-feedback-detail,导航收敛到同一任务/对象；原动作意图保留,"articleId,feedbackId,attachmentScope,status",返回原故障任务；不要求先交私人内容才能查常见问题。,无真实接收渠道只导出本机反馈文件；失败保留内容。,结构映射，不是此旧动作已运行；精确实现以events.json与原型为准
feedback,go-help,返回帮助,navigate,help,help,跳到独立任务,目标内容存在；当前仅为设计预览,,[],承载映射；目标存在不证明运行闭环。具体入口可就近复用，不按host强制绕行。,support,support,feedback::go-help,导航收敛到同一任务/对象；原动作意图保留,"articleId,feedbackId,attachmentScope,status",返回原故障任务；不要求先交私人内容才能查常见问题。,无真实接收渠道只导出本机反馈文件；失败保留内容。,结构映射，不是此旧动作已运行；精确实现以events.json与原型为准
feedback-detail,append_feedback,补充说明,event,,feedback-detail,保留事件/确认语义,通过本页必填项检查；只操作演示状态,append_feedback,"[""feedbackId"", ""supplement""]",承载映射；目标存在不证明运行闭环。具体入口可就近复用，不按host强制绕行。,support,,feedback-detail::append_feedback,保持动作语义，采用新版任务状态契约,"articleId,feedbackId,attachmentScope,status",返回原故障任务；不要求先交私人内容才能查常见问题。,无真实接收渠道只导出本机反馈文件；失败保留内容。,结构映射，不是此旧动作已运行；精确实现以events.json与原型为准
feedback-detail,go-help,返回帮助,navigate,help,help,跳到独立任务,目标内容存在；当前仅为设计预览,,[],承载映射；目标存在不证明运行闭环。具体入口可就近复用，不按host强制绕行。,support,support,feedback-detail::go-help,导航收敛到同一任务/对象；原动作意图保留,"articleId,feedbackId,attachmentScope,status",返回原故障任务；不要求先交私人内容才能查常见问题。,无真实接收渠道只导出本机反馈文件；失败保留内容。,结构映射，不是此旧动作已运行；精确实现以events.json与原型为准
feedback-detail,go-orders,查看购买订单,navigate,orders,orders,跳到独立任务,目标内容存在；当前仅为设计预览,,[],承载映射；目标存在不证明运行闭环。具体入口可就近复用，不按host强制绕行。,support,orders,feedback-detail::go-orders,导航收敛到同一任务/对象；原动作意图保留,"articleId,feedbackId,attachmentScope,status",返回原故障任务；不要求先交私人内容才能查常见问题。,无真实接收渠道只导出本机反馈文件；失败保留内容。,结构映射，不是此旧动作已运行；精确实现以events.json与原型为准
notifications,go-notification-detail,查看一条消息,navigate,notification-detail,notifications,同一承载内切换模式,目标内容存在；当前仅为设计预览,,"[""notificationId=demo-01""]",承载映射；目标存在不证明运行闭环。具体入口可就近复用，不按host强制绕行。,notifications,notifications,notifications::go-notification-detail,导航收敛到同一任务/对象；原动作意图保留,"notificationId,targetType,targetId",返回原通知列表；拒绝推送不挡应用内消息。,目标已删显示原因不复活；消息已读不改变原业务状态。,结构映射，不是此旧动作已运行；精确实现以events.json与原型为准
notifications,mark_notifications_read,全部标为已读,event,,notifications,保留事件/确认语义,通过本页必填项检查；只操作演示状态,mark_notifications_read,[],承载映射；目标存在不证明运行闭环。具体入口可就近复用，不按host强制绕行。,notifications,,notifications::mark_notifications_read,保持动作语义，采用新版任务状态契约,"notificationId,targetType,targetId",返回原通知列表；拒绝推送不挡应用内消息。,目标已删显示原因不复活；消息已读不改变原业务状态。,结构映射，不是此旧动作已运行；精确实现以events.json与原型为准
notifications,go-notification-settings,通知偏好,event,notification-settings,settings,原位展开/局部操作,目标内容存在；当前仅为设计预览,open_inline,[],承载映射；目标存在不证明运行闭环。具体入口可就近复用，不按host强制绕行。,notifications,reminders,notifications::go-notification-settings,保持动作语义，采用新版任务状态契约,"notificationId,targetType,targetId",返回原通知列表；拒绝推送不挡应用内消息。,目标已删显示原因不复活；消息已读不改变原业务状态。,结构映射，不是此旧动作已运行；精确实现以events.json与原型为准
notification-detail,go-action-list,去回看行动,navigate,action-list,action-list,跳到独立任务,目标内容存在；当前仅为设计预览,,"[""notificationId"", ""actionId""]",承载映射；目标存在不证明运行闭环。具体入口可就近复用，不按host强制绕行。,notifications,actions,notification-detail::go-action-list,导航收敛到同一任务/对象；原动作意图保留,"notificationId,targetType,targetId",返回原通知列表；拒绝推送不挡应用内消息。,目标已删显示原因不复活；消息已读不改变原业务状态。,结构映射，不是此旧动作已运行；精确实现以events.json与原型为准
notification-detail,dismiss_reminder,停止这条提醒,event,,notifications,保留事件/确认语义,通过本页必填项检查；只操作演示状态,dismiss_reminder,"[""notificationId""]",承载映射；目标存在不证明运行闭环。具体入口可就近复用，不按host强制绕行。,notifications,,notification-detail::dismiss_reminder,保持动作语义，采用新版任务状态契约,"notificationId,targetType,targetId",返回原通知列表；拒绝推送不挡应用内消息。,目标已删显示原因不复活；消息已读不改变原业务状态。,结构映射，不是此旧动作已运行；精确实现以events.json与原型为准
notification-detail,go-notifications,返回消息列表,navigate,notifications,notifications,跳到独立任务,目标内容存在；当前仅为设计预览,,[],承载映射；目标存在不证明运行闭环。具体入口可就近复用，不按host强制绕行。,notifications,notifications,notification-detail::go-notifications,导航收敛到同一任务/对象；原动作意图保留,"notificationId,targetType,targetId",返回原通知列表；拒绝推送不挡应用内消息。,目标已删显示原因不复活；消息已读不改变原业务状态。,结构映射，不是此旧动作已运行；精确实现以events.json与原型为准
about,go-assessment-detail,查看测评资料示例,navigate,assessment-detail,assessment-detail,跳到独立任务,目标内容存在；当前仅为设计预览,,[],承载映射；目标存在不证明运行闭环。具体入口可就近复用，不按host强制绕行。,support,assessment-detail,about::go-assessment-detail,导航收敛到同一任务/对象；原动作意图保留,"articleId,feedbackId,attachmentScope,status",返回原故障任务；不要求先交私人内容才能查常见问题。,无真实接收渠道只导出本机反馈文件；失败保留内容。,结构映射，不是此旧动作已运行；精确实现以events.json与原型为准
about,go-terms,用户协议,navigate,terms,terms,跳到独立任务,目标内容存在；当前仅为设计预览,,[],承载映射；目标存在不证明运行闭环。具体入口可就近复用，不按host强制绕行。,support,privacy,about::go-terms,导航收敛到同一任务/对象；原动作意图保留,"articleId,feedbackId,attachmentScope,status",返回原故障任务；不要求先交私人内容才能查常见问题。,无真实接收渠道只导出本机反馈文件；失败保留内容。,结构映射，不是此旧动作已运行；精确实现以events.json与原型为准
about,go-privacy-policy,隐私说明,navigate,privacy-policy,privacy-policy,跳到独立任务,目标内容存在；当前仅为设计预览,,[],承载映射；目标存在不证明运行闭环。具体入口可就近复用，不按host强制绕行。,support,privacy,about::go-privacy-policy,导航收敛到同一任务/对象；原动作意图保留,"articleId,feedbackId,attachmentScope,status",返回原故障任务；不要求先交私人内容才能查常见问题。,无真实接收渠道只导出本机反馈文件；失败保留内容。,结构映射，不是此旧动作已运行；精确实现以events.json与原型为准
about,go-help,帮助与反馈,navigate,help,help,跳到独立任务,目标内容存在；当前仅为设计预览,,[],承载映射；目标存在不证明运行闭环。具体入口可就近复用，不按host强制绕行。,support,support,about::go-help,导航收敛到同一任务/对象；原动作意图保留,"articleId,feedbackId,attachmentScope,status",返回原故障任务；不要求先交私人内容才能查常见问题。,无真实接收渠道只导出本机反馈文件；失败保留内容。,结构映射，不是此旧动作已运行；精确实现以events.json与原型为准
membership,go-plan-detail,查看方案详情,navigate,plan-detail,membership,原位展开/局部操作,目标内容存在；当前仅为设计预览,,"[""pendingAiType"", ""taskId"", ""requestId"", ""analysisSourceType"", ""resultId"", ""portraitRevision"", ""selectedSourceIds"", ""analysisFocus"", ""conversationId"", ""pendingDraft"", ""draft"", ""returnTo""]",承载映射；目标存在不证明运行闭环。具体入口可就近复用，不按host强制绕行。,membership,membership,membership::go-plan-detail,导航收敛到同一任务/对象；原动作意图保留,"accountId,entitlementId,planId,planVersion",取消回原任务草稿；恢复购买≠资料恢复。,已付钱和权益生效分开；额度未知不写无限；旧资料可读导出为建议。,结构映射，不是此旧动作已运行；精确实现以events.json与原型为准
membership,go-ai-quota,查看今日 AI 次数,navigate,ai-quota,assistant,原位展开/局部操作,目标内容存在；当前仅为设计预览,,[],承载映射；目标存在不证明运行闭环。具体入口可就近复用，不按host强制绕行。,membership,usage,membership::go-ai-quota,导航收敛到同一任务/对象；原动作意图保留,"accountId,entitlementId,planId,planVersion",取消回原任务草稿；恢复购买≠资料恢复。,已付钱和权益生效分开；额度未知不写无限；旧资料可读导出为建议。,结构映射，不是此旧动作已运行；精确实现以events.json与原型为准
membership,go-checkout,开通或续费演示,navigate,checkout,checkout,跳到独立任务,目标内容存在；当前仅为设计预览,,"[""returnTo"", ""pendingAiType"", ""taskId"", ""conversationId"", ""requestId"", ""analysisSourceType"", ""resultId"", ""portraitRevision"", ""selectedSourceIds"", ""analysisFocus"", ""pendingDraft"", ""draft""]",承载映射；目标存在不证明运行闭环。具体入口可就近复用，不按host强制绕行。,membership,checkout,membership::go-checkout,导航收敛到同一任务/对象；原动作意图保留,"accountId,entitlementId,planId,planVersion",取消回原任务草稿；恢复购买≠资料恢复。,已付钱和权益生效分开；额度未知不写无限；旧资料可读导出为建议。,结构映射，不是此旧动作已运行；精确实现以events.json与原型为准
membership,go-orders,订单记录,navigate,orders,orders,跳到独立任务,目标内容存在；当前仅为设计预览,,[],承载映射；目标存在不证明运行闭环。具体入口可就近复用，不按host强制绕行。,membership,orders,membership::go-orders,导航收敛到同一任务/对象；原动作意图保留,"accountId,entitlementId,planId,planVersion",取消回原任务草稿；恢复购买≠资料恢复。,已付钱和权益生效分开；额度未知不写无限；旧资料可读导出为建议。,结构映射，不是此旧动作已运行；精确实现以events.json与原型为准
membership,go-purchase-restore,恢复购买,navigate,purchase-restore,membership,原位展开/局部操作,目标内容存在；当前仅为设计预览,,[],承载映射；目标存在不证明运行闭环。具体入口可就近复用，不按host强制绕行。,membership,membership,membership::go-purchase-restore,导航收敛到同一任务/对象；原动作意图保留,"accountId,entitlementId,planId,planVersion",取消回原任务草稿；恢复购买≠资料恢复。,已付钱和权益生效分开；额度未知不写无限；旧资料可读导出为建议。,结构映射，不是此旧动作已运行；精确实现以events.json与原型为准
membership,go-subscription-settings,续费管理方案,navigate,subscription-settings,membership,原位展开/局部操作,目标内容存在；当前仅为设计预览,,[],承载映射；目标存在不证明运行闭环。具体入口可就近复用，不按host强制绕行。,membership,membership,membership::go-subscription-settings,导航收敛到同一任务/对象；原动作意图保留,"accountId,entitlementId,planId,planVersion",取消回原任务草稿；恢复购买≠资料恢复。,已付钱和权益生效分开；额度未知不写无限；旧资料可读导出为建议。,结构映射，不是此旧动作已运行；精确实现以events.json与原型为准
plan-detail,choose_plan,确认所选周期,event,,membership,保留事件/确认语义,已有当前选中的候选周期；确认不轮换到另一个方案,choose_plan,"[""plan""]",承载映射；目标存在不证明运行闭环。具体入口可就近复用，不按host强制绕行。,membership,,plan-detail::choose_plan,保持动作语义，采用新版任务状态契约,"accountId,entitlementId,planId,planVersion",取消回原任务草稿；恢复购买≠资料恢复。,已付钱和权益生效分开；额度未知不写无限；旧资料可读导出为建议。,结构映射，不是此旧动作已运行；精确实现以events.json与原型为准
plan-detail,go-checkout,继续到演示确认,navigate,checkout,checkout,跳到独立任务,目标内容存在；当前仅为设计预览,,"[""plan"", ""returnTo"", ""pendingAiType"", ""taskId"", ""requestId"", ""analysisSourceType"", ""resultId"", ""portraitRevision"", ""selectedSourceIds"", ""analysisFocus"", ""conversationId"", ""pendingDraft"", ""draft""]",承载映射；目标存在不证明运行闭环。具体入口可就近复用，不按host强制绕行。,membership,checkout,plan-detail::go-checkout,导航收敛到同一任务/对象；原动作意图保留,"accountId,entitlementId,planId,planVersion",取消回原任务草稿；恢复购买≠资料恢复。,已付钱和权益生效分开；额度未知不写无限；旧资料可读导出为建议。,结构映射，不是此旧动作已运行；精确实现以events.json与原型为准
plan-detail,go-membership,返回会员与权益,navigate,membership,membership,跳到独立任务,目标内容存在；当前仅为设计预览,,"[""pendingAiType"", ""taskId"", ""requestId"", ""analysisSourceType"", ""resultId"", ""portraitRevision"", ""selectedSourceIds"", ""analysisFocus"", ""conversationId"", ""pendingDraft"", ""draft"", ""returnTo""]",承载映射；目标存在不证明运行闭环。具体入口可就近复用，不按host强制绕行。,membership,membership,plan-detail::go-membership,导航收敛到同一任务/对象；原动作意图保留,"accountId,entitlementId,planId,planVersion",取消回原任务草稿；恢复购买≠资料恢复。,已付钱和权益生效分开；额度未知不写无限；旧资料可读导出为建议。,结构映射，不是此旧动作已运行；精确实现以events.json与原型为准
checkout,pay_demo,模拟支付并查看结果,event,,checkout,保留事件/确认语义,当前已登录且已选周期和演示结果；同一订单已支付、待确认或待权益时只查询，不再次付款；不真实收款 正式购买须已注册登录；同一账号同一购买存在待确认订单或支付处理中时禁止重复创建或反复点击，仅查原orderId。,pay_demo,"[""plan"", ""paymentScenario"", ""returnTo"", ""conversationId"", ""pendingAiType"", ""taskId"", ""requestId"", ""analysisSourceType"", ""resultId"", ""portraitRevision"", ""selectedSourceIds"", ""analysisFocus"", ""pendingDraft"", ""draft""]",承载映射；目标存在不证明运行闭环。具体入口可就近复用，不按host强制绕行。,checkout,,checkout::pay_demo,保持动作语义，采用新版任务状态契约,"checkoutId,planId,planVersion,priceQuoteId,returnTarget",回原草稿；不同方案明确重新选择，不悄悄替换年/月。,方案变更/报价过期重新明确；取消支付查原订单状态不重复创建。,结构映射，不是此旧动作已运行；精确实现以events.json与原型为准
checkout,go-payment-result,查看演示支付结果,navigate,payment-result,order-detail,同一对象状态转换,目标内容存在；当前仅为设计预览,,"[""pendingAiType"", ""taskId"", ""requestId"", ""analysisSourceType"", ""resultId"", ""portraitRevision"", ""selectedSourceIds"", ""analysisFocus"", ""conversationId"", ""pendingDraft"", ""draft"", ""returnTo""]",承载映射；目标存在不证明运行闭环。具体入口可就近复用，不按host强制绕行。,checkout,order,checkout::go-payment-result,导航收敛到同一任务/对象；原动作意图保留,"checkoutId,planId,planVersion,priceQuoteId,returnTarget",回原草稿；不同方案明确重新选择，不悄悄替换年/月。,方案变更/报价过期重新明确；取消支付查原订单状态不重复创建。,结构映射，不是此旧动作已运行；精确实现以events.json与原型为准
checkout,go-plan-detail,更换方案,navigate,plan-detail,membership,原位展开/局部操作,目标内容存在；当前仅为设计预览,,"[""pendingAiType"", ""taskId"", ""requestId"", ""analysisSourceType"", ""resultId"", ""portraitRevision"", ""selectedSourceIds"", ""analysisFocus"", ""conversationId"", ""pendingDraft"", ""draft"", ""returnTo""]",承载映射；目标存在不证明运行闭环。具体入口可就近复用，不按host强制绕行。,checkout,membership,checkout::go-plan-detail,导航收敛到同一任务/对象；原动作意图保留,"checkoutId,planId,planVersion,priceQuoteId,returnTarget",回原草稿；不同方案明确重新选择，不悄悄替换年/月。,方案变更/报价过期重新明确；取消支付查原订单状态不重复创建。,结构映射，不是此旧动作已运行；精确实现以events.json与原型为准
checkout,go-assistant,返回原 AI 任务,navigate,assistant,assistant,回实际购买前任务；无returnIntent才给明确兜底,目标内容存在；当前仅为设计预览,,"[""conversationId"", ""pendingDraft"", ""pendingAiType"", ""taskId"", ""requestId"", ""analysisSourceType"", ""resultId"", ""portraitRevision"", ""selectedSourceIds"", ""analysisFocus"", ""draft"", ""returnTo""]",不硬编码回助理，不自动发送/重新分析；草稿和原依据保留。,checkout,assistant,checkout::go-assistant,导航收敛到同一任务/对象；原动作意图保留,"checkoutId,planId,planVersion,priceQuoteId,returnTarget",回原草稿；不同方案明确重新选择，不悄悄替换年/月。,方案变更/报价过期重新明确；取消支付查原订单状态不重复创建。,结构映射，不是此旧动作已运行；精确实现以events.json与原型为准
checkout,go-ai-analysis,回原AI分析,navigate,ai-analysis,ai-analysis,回实际购买前任务；无returnIntent才给明确兜底,原任务是analysis；只恢复配置或任务查询，不自动生成。,,"[""pendingAiType"", ""taskId"", ""requestId"", ""analysisSourceType"", ""resultId"", ""portraitRevision"", ""selectedSourceIds"", ""analysisFocus"", ""conversationId"", ""pendingDraft"", ""draft"", ""returnTo""]",不硬编码回助理，不自动发送/重新分析；草稿和原依据保留。,checkout,analysis,checkout::go-ai-analysis,导航收敛到同一任务/对象；原动作意图保留,"checkoutId,planId,planVersion,priceQuoteId,returnTarget",回原草稿；不同方案明确重新选择，不悄悄替换年/月。,方案变更/报价过期重新明确；取消支付查原订单状态不重复创建。,结构映射，不是此旧动作已运行；精确实现以events.json与原型为准
payment-result,go-assistant,回原 AI 任务继续,navigate,assistant,assistant,回实际购买前任务；无returnIntent才给明确兜底,按 returnTo 返回原分析或对话；所有支付状态均保留输入；新 AI 请求仍须身份、账户、服务与共用额度可用，由本人再提交,,"[""conversationId"", ""pendingDraft"", ""returnTo"", ""pendingAiType"", ""taskId"", ""requestId"", ""analysisSourceType"", ""resultId"", ""portraitRevision"", ""selectedSourceIds"", ""analysisFocus"", ""draft""]",不硬编码回助理，不自动发送/重新分析；草稿和原依据保留。,order,assistant,payment-result::go-assistant,导航收敛到同一任务/对象；原动作意图保留,"orderId,paymentId,entitlementId,refundId,idempotencyKey",处理结束返回原任务；一条原单贯穿核验、售后、恢复。,付款未知先查原单；申请不等于到账；回调乱序不能把已付降为待付。,结构映射，不是此旧动作已运行；精确实现以events.json与原型为准
payment-result,query_payment_status,查询原订单状态,event,,order-detail,保留事件/确认语义,存在当前账号的原orderId；只查询支付状态，不创建订单、不再次付款。,query_payment_status,"[""orderId"", ""pendingAiType"", ""taskId"", ""requestId"", ""analysisSourceType"", ""resultId"", ""portraitRevision"", ""selectedSourceIds"", ""analysisFocus"", ""conversationId"", ""pendingDraft"", ""draft"", ""returnTo""]",承载映射；目标存在不证明运行闭环。具体入口可就近复用，不按host强制绕行。,order,,payment-result::query_payment_status,保持动作语义，采用新版任务状态契约,"orderId,paymentId,entitlementId,refundId,idempotencyKey",处理结束返回原任务；一条原单贯穿核验、售后、恢复。,付款未知先查原单；申请不等于到账；回调乱序不能把已付降为待付。,结构映射，不是此旧动作已运行；精确实现以events.json与原型为准
payment-result,go-order-detail,查看订单详情,navigate,order-detail,order-detail,跳到独立任务,目标内容存在；当前仅为设计预览,,"[""orderId""]",承载映射；目标存在不证明运行闭环。具体入口可就近复用，不按host强制绕行。,order,order,payment-result::go-order-detail,导航收敛到同一任务/对象；原动作意图保留,"orderId,paymentId,entitlementId,refundId,idempotencyKey",处理结束返回原任务；一条原单贯穿核验、售后、恢复。,付款未知先查原单；申请不等于到账；回调乱序不能把已付降为待付。,结构映射，不是此旧动作已运行；精确实现以events.json与原型为准
payment-result,go-membership,重新选择方案,navigate,membership,membership,跳到独立任务,目标内容存在；当前仅为设计预览,,"[""pendingAiType"", ""taskId"", ""requestId"", ""analysisSourceType"", ""resultId"", ""portraitRevision"", ""selectedSourceIds"", ""analysisFocus"", ""conversationId"", ""pendingDraft"", ""draft"", ""returnTo""]",承载映射；目标存在不证明运行闭环。具体入口可就近复用，不按host强制绕行。,order,membership,payment-result::go-membership,导航收敛到同一任务/对象；原动作意图保留,"orderId,paymentId,entitlementId,refundId,idempotencyKey",处理结束返回原任务；一条原单贯穿核验、售后、恢复。,付款未知先查原单；申请不等于到账；回调乱序不能把已付降为待付。,结构映射，不是此旧动作已运行；精确实现以events.json与原型为准
payment-result,go-records,先看本地报告,navigate,records,records,回实际购买前任务；无returnIntent才给明确兜底,目标内容存在；当前仅为设计预览,,[],不硬编码回助理，不自动发送/重新分析；草稿和原依据保留。,order,records,payment-result::go-records,导航收敛到同一任务/对象；原动作意图保留,"orderId,paymentId,entitlementId,refundId,idempotencyKey",处理结束返回原任务；一条原单贯穿核验、售后、恢复。,付款未知先查原单；申请不等于到账；回调乱序不能把已付降为待付。,结构映射，不是此旧动作已运行；精确实现以events.json与原型为准
payment-result,go-ai-analysis,回原AI分析继续,navigate,ai-analysis,ai-analysis,回实际购买前任务；无returnIntent才给明确兜底,原任务是analysis；所有支付状态均可回原配置，新生成仍须当前账户与额度允许。,,"[""pendingAiType"", ""taskId"", ""requestId"", ""analysisSourceType"", ""resultId"", ""portraitRevision"", ""selectedSourceIds"", ""analysisFocus"", ""conversationId"", ""pendingDraft"", ""draft"", ""returnTo""]",不硬编码回助理，不自动发送/重新分析；草稿和原依据保留。,order,analysis,payment-result::go-ai-analysis,导航收敛到同一任务/对象；原动作意图保留,"orderId,paymentId,entitlementId,refundId,idempotencyKey",处理结束返回原任务；一条原单贯穿核验、售后、恢复。,付款未知先查原单；申请不等于到账；回调乱序不能把已付降为待付。,结构映射，不是此旧动作已运行；精确实现以events.json与原型为准
payment-result,refresh_entitlements,刷新或恢复待生效权益,event,,order-detail,保留事件/确认语义,原订单已确认支付且归属当前账号；只查询或恢复该订单待发放权益，不新增支付，不重置当天已用AI次数。,refresh_entitlements,"[""orderId"", ""entitlementStatus"", ""pendingAiType"", ""taskId"", ""requestId"", ""analysisSourceType"", ""resultId"", ""portraitRevision"", ""selectedSourceIds"", ""analysisFocus"", ""conversationId"", ""pendingDraft"", ""draft"", ""returnTo""]",承载映射；目标存在不证明运行闭环。具体入口可就近复用，不按host强制绕行。,order,,payment-result::refresh_entitlements,保持动作语义，采用新版任务状态契约,"orderId,paymentId,entitlementId,refundId,idempotencyKey",处理结束返回原任务；一条原单贯穿核验、售后、恢复。,付款未知先查原单；申请不等于到账；回调乱序不能把已付降为待付。,结构映射，不是此旧动作已运行；精确实现以events.json与原型为准
orders,go-order-detail,查看示例订单,navigate,order-detail,order-detail,跳到独立任务,目标内容存在；当前仅为设计预览,,"[""orderId=O-DEMO-001""]",承载映射；目标存在不证明运行闭环。具体入口可就近复用，不按host强制绕行。,orders,order,orders::go-order-detail,导航收敛到同一任务/对象；原动作意图保留,"accountId,orderId,originalPlanSnapshot",按原orderId打开；列表不读取当前售卖页默认方案。,身份不符拒绝；查询失败显示未知而非未支付。,结构映射，不是此旧动作已运行；精确实现以events.json与原型为准
orders,go-purchase-restore,恢复购买,navigate,purchase-restore,membership,原位展开/局部操作,目标内容存在；当前仅为设计预览,,[],承载映射；目标存在不证明运行闭环。具体入口可就近复用，不按host强制绕行。,orders,membership,orders::go-purchase-restore,导航收敛到同一任务/对象；原动作意图保留,"accountId,orderId,originalPlanSnapshot",按原orderId打开；列表不读取当前售卖页默认方案。,身份不符拒绝；查询失败显示未知而非未支付。,结构映射，不是此旧动作已运行；精确实现以events.json与原型为准
orders,go-membership,查看会员权益,navigate,membership,membership,跳到独立任务,目标内容存在；当前仅为设计预览,,"[""pendingAiType"", ""taskId"", ""requestId"", ""analysisSourceType"", ""resultId"", ""portraitRevision"", ""selectedSourceIds"", ""analysisFocus"", ""conversationId"", ""pendingDraft"", ""draft"", ""returnTo""]",承载映射；目标存在不证明运行闭环。具体入口可就近复用，不按host强制绕行。,orders,membership,orders::go-membership,导航收敛到同一任务/对象；原动作意图保留,"accountId,orderId,originalPlanSnapshot",按原orderId打开；列表不读取当前售卖页默认方案。,身份不符拒绝；查询失败显示未知而非未支付。,结构映射，不是此旧动作已运行；精确实现以events.json与原型为准
order-detail,query_order,查询订单状态,event,,order-detail,保留事件/确认语义,通过本页必填项检查；只操作演示状态,query_order,"[""orderId""]",承载映射；目标存在不证明运行闭环。具体入口可就近复用，不按host强制绕行。,order,,order-detail::query_order,保持动作语义，采用新版任务状态契约,"orderId,paymentId,entitlementId,refundId,idempotencyKey",处理结束返回原任务；一条原单贯穿核验、售后、恢复。,付款未知先查原单；申请不等于到账；回调乱序不能把已付降为待付。,结构映射，不是此旧动作已运行；精确实现以events.json与原型为准
order-detail,go-refund-request,申请退款方案,navigate,refund-request,refund-request,跳到独立任务,目标内容存在；当前仅为设计预览,,"[""orderId""]",承载映射；目标存在不证明运行闭环。具体入口可就近复用，不按host强制绕行。,order,order,order-detail::go-refund-request,导航收敛到同一任务/对象；原动作意图保留,"orderId,paymentId,entitlementId,refundId,idempotencyKey",处理结束返回原任务；一条原单贯穿核验、售后、恢复。,付款未知先查原单；申请不等于到账；回调乱序不能把已付降为待付。,结构映射，不是此旧动作已运行；精确实现以events.json与原型为准
order-detail,go-refund-status,查看退款进度,navigate,refund-status,order-detail,同一对象状态转换,目标内容存在；当前仅为设计预览,,"[""orderId""]",承载映射；目标存在不证明运行闭环。具体入口可就近复用，不按host强制绕行。,order,order,order-detail::go-refund-status,导航收敛到同一任务/对象；原动作意图保留,"orderId,paymentId,entitlementId,refundId,idempotencyKey",处理结束返回原任务；一条原单贯穿核验、售后、恢复。,付款未知先查原单；申请不等于到账；回调乱序不能把已付降为待付。,结构映射，不是此旧动作已运行；精确实现以events.json与原型为准
order-detail,cancel_order,取消未支付订单,dialog,,order-detail,保留事件/确认语义,订单确认为未支付且可取消；本页仅演示,cancel_order,"[""orderId""]",承载映射；目标存在不证明运行闭环。具体入口可就近复用，不按host强制绕行。,order,,order-detail::cancel_order,保持动作语义，采用新版任务状态契约,"orderId,paymentId,entitlementId,refundId,idempotencyKey",处理结束返回原任务；一条原单贯穿核验、售后、恢复。,付款未知先查原单；申请不等于到账；回调乱序不能把已付降为待付。,结构映射，不是此旧动作已运行；精确实现以events.json与原型为准
order-detail,go-feedback,联系支持,navigate,feedback,feedback,跳到独立任务,目标内容存在；当前仅为设计预览,,"[""category=order"", ""orderId""]",承载映射；目标存在不证明运行闭环。具体入口可就近复用，不按host强制绕行。,order,support,order-detail::go-feedback,导航收敛到同一任务/对象；原动作意图保留,"orderId,paymentId,entitlementId,refundId,idempotencyKey",处理结束返回原任务；一条原单贯穿核验、售后、恢复。,付款未知先查原单；申请不等于到账；回调乱序不能把已付降为待付。,结构映射，不是此旧动作已运行；精确实现以events.json与原型为准
refund-request,refund_request,提交退款申请（演示）,event,,refund-request,保留事件/确认语义,当前演示账号的原订单已确认支付，退款原因已填写；已有申请则查询原申请，未知付款先核对,refund_request,"[""orderId"", ""refundReason"", ""refundNote""]",承载映射；目标存在不证明运行闭环。具体入口可就近复用，不按host强制绕行。,order,,refund-request::refund_request,保持动作语义，采用新版任务状态契约,"orderId,paymentId,entitlementId,refundId,idempotencyKey",处理结束返回原任务；一条原单贯穿核验、售后、恢复。,付款未知先查原单；申请不等于到账；回调乱序不能把已付降为待付。,结构映射，不是此旧动作已运行；精确实现以events.json与原型为准
refund-request,go-refund-status,查看退款进度,navigate,refund-status,order-detail,同一对象状态转换,目标内容存在；当前仅为设计预览,,"[""orderId""]",承载映射；目标存在不证明运行闭环。具体入口可就近复用，不按host强制绕行。,order,order,refund-request::go-refund-status,导航收敛到同一任务/对象；原动作意图保留,"orderId,paymentId,entitlementId,refundId,idempotencyKey",处理结束返回原任务；一条原单贯穿核验、售后、恢复。,付款未知先查原单；申请不等于到账；回调乱序不能把已付降为待付。,结构映射，不是此旧动作已运行；精确实现以events.json与原型为准
refund-request,go-order-detail,返回订单,navigate,order-detail,order-detail,跳到独立任务,目标内容存在；当前仅为设计预览,,"[""orderId""]",承载映射；目标存在不证明运行闭环。具体入口可就近复用，不按host强制绕行。,order,order,refund-request::go-order-detail,导航收敛到同一任务/对象；原动作意图保留,"orderId,paymentId,entitlementId,refundId,idempotencyKey",处理结束返回原任务；一条原单贯穿核验、售后、恢复。,付款未知先查原单；申请不等于到账；回调乱序不能把已付降为待付。,结构映射，不是此旧动作已运行；精确实现以events.json与原型为准
refund-status,query_refund,刷新退款状态,event,,order-detail,保留事件/确认语义,通过本页必填项检查；只操作演示状态,query_refund,"[""refundId"", ""orderId""]",承载映射；目标存在不证明运行闭环。具体入口可就近复用，不按host强制绕行。,order,,refund-status::query_refund,保持动作语义，采用新版任务状态契约,"orderId,paymentId,entitlementId,refundId,idempotencyKey",处理结束返回原任务；一条原单贯穿核验、售后、恢复。,付款未知先查原单；申请不等于到账；回调乱序不能把已付降为待付。,结构映射，不是此旧动作已运行；精确实现以events.json与原型为准
refund-status,go-feedback,补充退款说明,navigate,feedback,feedback,跳到独立任务,目标内容存在；当前仅为设计预览,,"[""category=refund"", ""orderId""]",承载映射；目标存在不证明运行闭环。具体入口可就近复用，不按host强制绕行。,order,support,refund-status::go-feedback,导航收敛到同一任务/对象；原动作意图保留,"orderId,paymentId,entitlementId,refundId,idempotencyKey",处理结束返回原任务；一条原单贯穿核验、售后、恢复。,付款未知先查原单；申请不等于到账；回调乱序不能把已付降为待付。,结构映射，不是此旧动作已运行；精确实现以events.json与原型为准
refund-status,go-order-detail,查看订单,navigate,order-detail,order-detail,跳到独立任务,目标内容存在；当前仅为设计预览,,"[""orderId""]",承载映射；目标存在不证明运行闭环。具体入口可就近复用，不按host强制绕行。,order,order,refund-status::go-order-detail,导航收敛到同一任务/对象；原动作意图保留,"orderId,paymentId,entitlementId,refundId,idempotencyKey",处理结束返回原任务；一条原单贯穿核验、售后、恢复。,付款未知先查原单；申请不等于到账；回调乱序不能把已付降为待付。,结构映射，不是此旧动作已运行；精确实现以events.json与原型为准
purchase-restore,restore_purchase,查询已有购买（演示）,event,,membership,保留事件/确认语义,当前已登录并核对原购买账号；未登录先验证，回本页后本人再次确认查询,restore_purchase,"[""purchaseChannel"", ""authReturnTo"", ""returnTo"", ""pendingAiType"", ""taskId"", ""requestId"", ""analysisSourceType"", ""resultId"", ""portraitRevision"", ""selectedSourceIds"", ""analysisFocus"", ""conversationId"", ""pendingDraft"", ""draft""]",承载映射；目标存在不证明运行闭环。具体入口可就近复用，不按host强制绕行。,membership,,purchase-restore::restore_purchase,保持动作语义，采用新版任务状态契约,"accountId,entitlementId,planId,planVersion",取消回原任务草稿；恢复购买≠资料恢复。,已付钱和权益生效分开；额度未知不写无限；旧资料可读导出为建议。,结构映射，不是此旧动作已运行；精确实现以events.json与原型为准
purchase-restore,go-account-recovery,核对账号,navigate,account-recovery,account-recovery,跳到独立任务,目标内容存在；当前仅为设计预览,,"[""pendingAiType"", ""taskId"", ""requestId"", ""analysisSourceType"", ""resultId"", ""portraitRevision"", ""selectedSourceIds"", ""analysisFocus"", ""conversationId"", ""pendingDraft"", ""draft"", ""returnTo""]",承载映射；目标存在不证明运行闭环。具体入口可就近复用，不按host强制绕行。,membership,account,purchase-restore::go-account-recovery,导航收敛到同一任务/对象；原动作意图保留,"accountId,entitlementId,planId,planVersion",取消回原任务草稿；恢复购买≠资料恢复。,已付钱和权益生效分开；额度未知不写无限；旧资料可读导出为建议。,结构映射，不是此旧动作已运行；精确实现以events.json与原型为准
purchase-restore,go-orders,查看订单,navigate,orders,orders,跳到独立任务,目标内容存在；当前仅为设计预览,,[],承载映射；目标存在不证明运行闭环。具体入口可就近复用，不按host强制绕行。,membership,orders,purchase-restore::go-orders,导航收敛到同一任务/对象；原动作意图保留,"accountId,entitlementId,planId,planVersion",取消回原任务草稿；恢复购买≠资料恢复。,已付钱和权益生效分开；额度未知不写无限；旧资料可读导出为建议。,结构映射，不是此旧动作已运行；精确实现以events.json与原型为准
purchase-restore,go-membership,返回会员,navigate,membership,membership,跳到独立任务,目标内容存在；当前仅为设计预览,,"[""pendingAiType"", ""taskId"", ""requestId"", ""analysisSourceType"", ""resultId"", ""portraitRevision"", ""selectedSourceIds"", ""analysisFocus"", ""conversationId"", ""pendingDraft"", ""draft"", ""returnTo""]",承载映射；目标存在不证明运行闭环。具体入口可就近复用，不按host强制绕行。,membership,membership,purchase-restore::go-membership,导航收敛到同一任务/对象；原动作意图保留,"accountId,entitlementId,planId,planVersion",取消回原任务草稿；恢复购买≠资料恢复。,已付钱和权益生效分开；额度未知不写无限；旧资料可读导出为建议。,结构映射，不是此旧动作已运行；精确实现以events.json与原型为准
subscription-settings,go-checkout,查看手动续费演示,navigate,checkout,checkout,跳到独立任务,目标内容存在；当前仅为设计预览,,"[""intent=renew"", ""returnTo=membership""]",承载映射；目标存在不证明运行闭环。具体入口可就近复用，不按host强制绕行。,membership,checkout,subscription-settings::go-checkout,导航收敛到同一任务/对象；原动作意图保留,"accountId,entitlementId,planId,planVersion",取消回原任务草稿；恢复购买≠资料恢复。,已付钱和权益生效分开；额度未知不写无限；旧资料可读导出为建议。,结构映射，不是此旧动作已运行；精确实现以events.json与原型为准
subscription-settings,go-orders,查看已有订单,navigate,orders,orders,跳到独立任务,目标内容存在；当前仅为设计预览,,[],承载映射；目标存在不证明运行闭环。具体入口可就近复用，不按host强制绕行。,membership,orders,subscription-settings::go-orders,导航收敛到同一任务/对象；原动作意图保留,"accountId,entitlementId,planId,planVersion",取消回原任务草稿；恢复购买≠资料恢复。,已付钱和权益生效分开；额度未知不写无限；旧资料可读导出为建议。,结构映射，不是此旧动作已运行；精确实现以events.json与原型为准
subscription-settings,show_subscription_management,查看取消续订说明,event,,membership,保留事件/确认语义,通过本页必填项检查；只操作演示状态,show_subscription_management,[],承载映射；目标存在不证明运行闭环。具体入口可就近复用，不按host强制绕行。,membership,,subscription-settings::show_subscription_management,保持动作语义，采用新版任务状态契约,"accountId,entitlementId,planId,planVersion",取消回原任务草稿；恢复购买≠资料恢复。,已付钱和权益生效分开；额度未知不写无限；旧资料可读导出为建议。,结构映射，不是此旧动作已运行；精确实现以events.json与原型为准
subscription-settings,go-membership,返回权益,navigate,membership,membership,跳到独立任务,目标内容存在；当前仅为设计预览,,[],承载映射；目标存在不证明运行闭环。具体入口可就近复用，不按host强制绕行。,membership,membership,subscription-settings::go-membership,导航收敛到同一任务/对象；原动作意图保留,"accountId,entitlementId,planId,planVersion",取消回原任务草稿；恢复购买≠资料恢复。,已付钱和权益生效分开；额度未知不写无限；旧资料可读导出为建议。,结构映射，不是此旧动作已运行；精确实现以events.json与原型为准
